Channel Title,Channel Username,ID,Message,Date,Media Path
ETHIO-AMERICAN MEDICAL TRAININGS( CPD ) & HEALTH CONSULTANCY CENTER,@EAHCI,2606,"#OBGYN_Ultrasound_Training@HOSSANA!
#á‹¨áŠ«á‰²á‰µ 2 á‹­áŒ€áˆáˆ«áˆ!
---------------------------------------------

âœ”áŠ á‹˜áŒ‹áŒ…-Ethio-American CPD center in collaboration with selected hospitals .
ğŸ’¥Place of Trainings-Selected Hospitals 

Call & Register now
Â Â  â˜ï¸0941404444 Daye
Â  Â â˜ï¸0965412222 Dr.Shalom
Â Â  â˜ï¸0942404444 Tenbit
Â Â  â˜ï¸0968670067Â  Selam
Â Â  â˜ï¸0965410000Â  Ekram(A.A)
Â 
#N.B_We only have a few spots left!! #OB_Ultrasound_Is_Our_Accredited_Course 
ğŸƒFor more info .follow us on telegram :-
t.me/eahci",2025-01-31 12:31:56+00:00,photos/@EAHCI_2606.jpg
ETHIO-AMERICAN MEDICAL TRAININGS( CPD ) & HEALTH CONSULTANCY CENTER,@EAHCI,2605,,2025-01-31 11:58:34+00:00,
ETHIO-AMERICAN MEDICAL TRAININGS( CPD ) & HEALTH CONSULTANCY CENTER,@EAHCI,2604,"#OBGYN_Ultrasound_Training@ADAMA!
#á‹¨áŠ«á‰²á‰µ 2 á‹­áŒ€áˆáˆ«áˆ!
---------------------------------------------

âœ”áŠ á‹˜áŒ‹áŒ…-Ethio-American CPD center in collaboration with selected hospitals .
ğŸ’¥Place of Trainings-Selected Hospitals 

Call & Register now
Â Â  â˜ï¸0941404444 Daye
Â  Â â˜ï¸0965412222 Dr.Shalom
Â Â  â˜ï¸0942404444 Tenbit
Â Â  â˜ï¸0968670067Â  Selam
Â Â  â˜ï¸0965410000Â  Ekram(A.A)
Â 
#N.B_We only have a few spots left!! #OB_Ultrasound_Is_Our_Accredited_Course 
ğŸƒFor more info .follow us on telegram :-
t.me/eahci",2025-01-31 09:01:14+00:00,photos/@EAHCI_2604.jpg
ETHIO-AMERICAN MEDICAL TRAININGS( CPD ) & HEALTH CONSULTANCY CENTER,@EAHCI,2603,"#á‹¨áŒáˆ­á‹›á‰µ_áˆµáˆáŒ áŠ“_á‹ˆáˆ‹á‹­á‰³_áˆ¶á‹¶
#Circumcision_Skill_Training_@WOLAYITA_SODO (Adult & Neonates with Ring ) Â á‰ á‰€áˆˆá‰ á‰µáŠ“ á‹«áˆˆá‰€áˆˆá‰ á‰µ â¥Â  Â áŠ¨ á‹¨áŠ«á‰²á‰µ 2 áŒ€áˆáˆ® á‹­áˆ°áŒ£áˆá¢ (15CEU CPD & Skill)
ğŸ”¶ğŸ”¶ğŸ”¶ğŸ”¶ğŸ”¶ğŸ”¶ğŸ”¶ğŸ”¶ğŸ”¶ğŸ”¶
ğŸ‘‰á‹¨áŒáˆ­á‹›á‰µ áŠ­áˆ…áˆá‰µ áˆµáˆáŒ áŠ“ (á‰ á‰€áˆˆá‰ á‰µáŠ“ á‹«áˆˆá‰€áˆˆá‰ á‰µ - Ring /Without Ring-cut ) áˆµáˆáŒ áŠ“ 
ğŸ‘‰áŠ á‹˜áŒ‹áŒ…-Ethio-AmericanÂ  Health Consultancy & CPD Center.
ğŸ‘‰áˆ°áˆáŒ£áŠá‰½-GP,HO,Nurse,Midwife

Â  ğŸ“0965412222 Dr shalom
  ğŸ“Daye 0941404444
Â  ğŸ“Ekram 0965410000
 ğŸ“Selam(A.A) 0968670067
Â Â ğŸ“Tinbit(A.A)Â 0942404444
Â Â ğŸ“OfficeÂ 0941404444

ğŸ‘‰áˆ›áˆµá‰³á‹ˆáˆ» :-GP,HO,Nurse,Midwif á‰áŒ¥áˆ­ 12 á‰¥á‰» áˆ˜áˆ†áŠ‘áŠ• áŠ¥á‹¨áŒˆáˆˆá…áŠ• á‰€á‹µáˆ˜á‹Â  á‹¨á‰°áˆ˜á‹˜áŒˆá‰¡ á‰¥á‰» á‹¨áˆšáˆµá‰°áŠ“áŒˆá‹± áˆ˜áˆ†áŠ‘áŠ• áŠ¥áŠ“áˆ³á‹á‰ƒáˆˆáŠ•á¢
ğŸ‘‰Circumcision is our Patented & Accredited Course !
:-t.me/eahci",2025-01-30 12:42:18+00:00,photos/@EAHCI_2603.jpg
ETHIO-AMERICAN MEDICAL TRAININGS( CPD ) & HEALTH CONSULTANCY CENTER,@EAHCI,2602,"#ENGLISH_LANGUAGE_TRAINING
ğŸ‘‰Grammar
ğŸ‘‰Vocabulary 
ğŸ‘‰Pronunciation 
 Strarting from #March_3_á‹¨áŠ«á‰²á‰µ_24 á‹­áŒ€áˆáˆ«áˆ!
#HAWASSAğŸ“Œ

Contact us and register now!
ğŸ“0965412222
ğŸ“0941404444

ETHIO-AMERICAN TRAINING CENTER!",2025-01-30 12:17:14+00:00,photos/@EAHCI_2602.jpg
ETHIO-AMERICAN MEDICAL TRAININGS( CPD ) & HEALTH CONSULTANCY CENTER,@EAHCI,2601,Congratulations to our beloved trainees on completing the Basic Obstetrics Ultrasound Training given at Gandhi Hospital.ğŸ‰ğŸŠ,2025-01-30 09:57:21+00:00,photos/@EAHCI_2601.jpg
ETHIO-AMERICAN MEDICAL TRAININGS( CPD ) & HEALTH CONSULTANCY CENTER,@EAHCI,2600,"#á‹¨áŒáˆ­á‹›á‰µ_áˆµáˆáŒ áŠ“_Addis_Ababa 
#Circumcision_Skill_Training_@ADISSABABA (Adult & Neonates with Ring ) Â á‰ á‰€áˆˆá‰ á‰µáŠ“ á‹«áˆˆá‰€áˆˆá‰ á‰µ â¥Â  Â áŠ¨ áŒ¥áˆ­ 25 áŒ€áˆáˆ® á‹­áˆ°áŒ£áˆá¢ (15CEU CPD & Skill)
ğŸ”¶ğŸ”¶ğŸ”¶ğŸ”¶ğŸ”¶ğŸ”¶ğŸ”¶ğŸ”¶ğŸ”¶ğŸ”¶
ğŸ‘‰áŠ á‹˜áŒ‹áŒ…-Ethio-AmericanÂ  Health Consultancy & CPD Center.
ğŸ‘‰áˆ°áˆáŒ£áŠá‰½-GP,HO,Nurse,Midwife

Â  ğŸ“0965412222 Dr shalom
  ğŸ“Daye 0941404444
Â  ğŸ“Ekram(A.A) 0965410000
 ğŸ“Selam(A.A) 0968670067
Â Â ğŸ“Tinbit(A.A)Â 0942404444
Â Â ğŸ“OfficeÂ 0941404444

ğŸ‘‰áˆ›áˆµá‰³á‹ˆáˆ» :-GP,HO,Nurse,Midwif á‰áŒ¥áˆ­ 12 á‰¥á‰» áˆ˜áˆ†áŠ‘áŠ• áŠ¥á‹¨áŒˆáˆˆá…áŠ• á‰€á‹µáˆ˜á‹Â  á‹¨á‰°áˆ˜á‹˜áŒˆá‰¡ á‰¥á‰» á‹¨áˆšáˆµá‰°áŠ“áŒˆá‹± áˆ˜áˆ†áŠ‘áŠ• áŠ¥áŠ“áˆ³á‹á‰ƒáˆˆáŠ•á¢
ğŸ‘‰Circumcision is our Patented & Accredited Course !
:-t.me/eahci",2025-01-29 17:00:02+00:00,photos/@EAHCI_2600.jpg
ETHIO-AMERICAN MEDICAL TRAININGS( CPD ) & HEALTH CONSULTANCY CENTER,@EAHCI,2598,"Â #ğŸ’¥CPD_áŠ áˆáŠ•_á‹­áˆ˜á‹áŒˆá‰¡ #á‹¨áˆá‹«_áˆá‰ƒá‹µ_áˆˆáˆ›áˆ³á‹°áˆµ_CPD_á‹­áˆ˜á‹áŒˆá‰¡
#Title=Comprehensive HIV Prevention, Care and Treatment  Training 
ğŸ”¶15CEU
ğŸ‘‰ áŠ¨ áŒ¥áˆ­ 24 áŒ€áˆáˆ® á‹­áˆ°áŒ£áˆ!
áˆˆáˆáˆ‰áˆ áŒ¤áŠ“ á‰£áˆˆáˆá‹«á‹á‰½ á‰ áˆáˆ‰áˆ áŠ­áˆáˆá‰½áŠ“ áŠ¨á‰°áˆá‰½ áˆ‹áˆ‹á‰½áˆá¢
--------------------------------------------
ğŸ“±0965410000(Ekram)
ğŸ“±0965412222(Dr. Shalom)
ğŸ“±0941404444(Daye)
ğŸ“±0942404444(Tenbit)
ğŸ“±0968670067(Selam)
ğŸ“³0462124400
Â Ethio-American CPD center & Health Consultancy.
ğŸƒWe Are Committed To Excellence In Medical Trainings â—
For more info join our telegram channelÂ Â Â Â Â Â Â Â Â Â Â Â Â Â Â  t.me/eahci",2025-01-29 12:34:11+00:00,photos/@EAHCI_2598.jpg
ETHIO-AMERICAN MEDICAL TRAININGS( CPD ) & HEALTH CONSULTANCY CENTER,@EAHCI,2597,"#OBGYN_Ultrasound_Training@Hawassa!
#áŠ¥áˆá‹µ_á‹­áŒ€áˆáˆ«áˆ(áŒ¥áˆ­_25)
---------------------------------------------

âœ”áŠ á‹˜áŒ‹áŒ…-Ethio-American CPD center in collaboration with selected hospitals .
ğŸ’¥Place of Trainings-Selected Hospitals 

Call & Register now
Â Â  â˜ï¸0941404444 Daye
Â  Â â˜ï¸0965412222 Dr.Shalom
Â Â  â˜ï¸0942404444 Tenbit
Â Â  â˜ï¸0968670067Â  Selam
Â Â  â˜ï¸0965410000Â  Ekram(A.A)
Â 
#N.B_We only have a few spots left!! #OB_Ultrasound_Is_Our_Accredited_Course 
ğŸƒFor more info .follow us on telegram :-
t.me/eahci",2025-01-27 11:01:51+00:00,photos/@EAHCI_2597.jpg
ETHIO-AMERICAN MEDICAL TRAININGS( CPD ) & HEALTH CONSULTANCY CENTER,@EAHCI,2596,,2025-01-26 13:17:46+00:00,
ETHIO-AMERICAN MEDICAL TRAININGS( CPD ) & HEALTH CONSULTANCY CENTER,@EAHCI,2595,"#Adult_ECHO_Training@#ADISS_ABABA_By_Cardiologist_for_Physicians 
 We_have_Only_few_trainee_Position
ğŸ‘‰Lecture will start on February 3
ğŸ‘‰áŒ¥áˆ­ 26 á‹­áŒ€áˆáˆ«áˆ!
#Hands_on training !
#Register_Soon_And_Get_Certified !!
ğŸ“0965412222 Dr.Shalom
ğŸ“0941404444

#Hosted_By: Ethio-American Medical Training Center
T.me/eahci",2025-01-26 13:17:40+00:00,photos/@EAHCI_2595.jpg
ETHIO-AMERICAN MEDICAL TRAININGS( CPD ) & HEALTH CONSULTANCY CENTER,@EAHCI,2594,,2025-01-25 08:37:18+00:00,
ETHIO-AMERICAN MEDICAL TRAININGS( CPD ) & HEALTH CONSULTANCY CENTER,@EAHCI,2593,"#áŠáŒˆ_á‹­áŒ€áˆáˆ«áˆ_Ultrasound_áˆµáˆáŒ áŠ“_áŠ á‹²áˆµ_áŠ á‰ á‰£_áŒ‹áŠ•á‹²_áˆ†áˆµá’á‰³áˆ 
#áŠ¨áŒ¥áˆ­_18/2017 áŒ€áˆáˆ®
---------------------------------------------
âœ”#áŠ á‹˜áŒ‹áŒ…-Ethio-American CPD center in collaboration with selected hospitals .
 #Place_of_Training â¯ Ghandi_Hospital( áŒ‹áŠ•á‹²_áˆ†áˆµá’á‰³áˆ )

Call & Register now
Â  Â â˜ï¸0965412222 Dr.Shalom
Â Â  â˜ï¸0941404444 Daye
Â Â  â˜ï¸0942404444 Tenbit
Â Â  â˜ï¸0968670067Â  Selam
Â Â  â˜ï¸0965410000Â  Ekram(A.A)
Â 
#N.B_We only have a few spots left!! #OB_Ultrasound_Is_Our_Accredited_Course 
ğŸƒFor more info .follow us on telegram :-
t.me/eahci",2025-01-24 14:09:14+00:00,photos/@EAHCI_2593.jpg
ETHIO-AMERICAN MEDICAL TRAININGS( CPD ) & HEALTH CONSULTANCY CENTER,@EAHCI,2592,,2025-01-24 08:49:19+00:00,
ETHIO-AMERICAN MEDICAL TRAININGS( CPD ) & HEALTH CONSULTANCY CENTER,@EAHCI,2591,"#BASIC_ABDOMINAL_ULTRASOUND_TRAINING @HAWASSA & #Shashemene 
#áŒ¥áˆ­_26/2017 
ğŸ”¶ğŸ”¶ğŸ”¶ğŸ”¶ğŸ”¶ğŸ”¶ğŸ”¶ğŸ”¶ğŸ”¶ğŸ”¶
ğŸ‘‰áŠ á‹˜áŒ‹áŒ…-Ethio-AmericanÂ  Health Consultancy & CPD Center.
ğŸ‘‰áˆ°áˆáŒ£áŠá‰½-PHYSICIANS,MRT +

Â  ğŸ“0965412222 Dr shalom
  ğŸ“Daye 0941404444
Â  ğŸ“Ekram 0965410000
 ğŸ“Selam 0968670067
Â Â ğŸ“Tinbit 0942404444
Â Â ğŸ“OfficeÂ 0941404444

ğŸ‘‰áˆ›áˆµá‰³á‹ˆáˆ» :-only a few spots are available 
:-t.me/eahci",2025-01-23 07:31:53+00:00,photos/@EAHCI_2591.jpg
ETHIO-AMERICAN MEDICAL TRAININGS( CPD ) & HEALTH CONSULTANCY CENTER,@EAHCI,2590,"Â #ğŸ’¥CPD_áŠ áˆáŠ•_á‹­áˆ˜á‹áŒˆá‰¡ #á‹¨áˆá‹«_áˆá‰ƒá‹µ_áˆˆáˆ›áˆ³á‹°áˆµ_CPD_á‹­áˆ˜á‹áŒˆá‰¡
#Title=PAIN MANAGMENT 
ğŸ”¶15CEU
ğŸ‘‰ áŠ¨ áŒ¥áˆ­ 17 áŒ€áˆáˆ® á‹­áˆ°áŒ£áˆ!
áˆˆáˆáˆ‰áˆ áŒ¤áŠ“ á‰£áˆˆáˆá‹«á‹á‰½ á‰ áˆáˆ‰áˆ áŠ­áˆáˆá‰½áŠ“ áŠ¨á‰°áˆá‰½ áˆ‹áˆ‹á‰½áˆá¢
--------------------------------------------
â¯0942404444(Tenbit)
ğŸ“±0965410000(Ekram)
ğŸ“±0965412222(Dr. Shalom)
ğŸ“±0941404444(Daye)
ğŸ“±0968670067(Selam)
ğŸ“³0462124400
Â Ethio-American CPD center & Health Consultancy.
ğŸƒWe Are Committed To Excellence In Medical Trainings â—
For more info join our telegram channelÂ Â Â Â Â Â Â Â Â Â Â Â Â Â Â  t.me/eahci",2025-01-22 05:45:11+00:00,photos/@EAHCI_2590.jpg
ETHIO-AMERICAN MEDICAL TRAININGS( CPD ) & HEALTH CONSULTANCY CENTER,@EAHCI,2589,"#Adult_ECHO_Training@#ADISS_ABABA_By_Cardiologist_for_Physicians 
 We_have_Only_few_trainee_Position
ğŸ‘‰Lecture will start on February 3
ğŸ‘‰áŒ¥áˆ­ 26 á‹­áŒ€áˆáˆ«áˆ!
#Hands_on training !
#Register_Soon_And_Get_Certified !!
ğŸ“0965412222 Dr.Shalom
ğŸ“0941404444

#Hosted_By: Ethio-American Medical Training Center
T.me/eahci",2025-01-21 08:20:09+00:00,photos/@EAHCI_2589.jpg
ETHIO-AMERICAN MEDICAL TRAININGS( CPD ) & HEALTH CONSULTANCY CENTER,@EAHCI,2588,,2025-01-20 16:48:10+00:00,
ETHIO-AMERICAN MEDICAL TRAININGS( CPD ) & HEALTH CONSULTANCY CENTER,@EAHCI,2587,"#OBGYN_áŠ áˆá‰µáˆ«áˆ³á‹áŠ•á‹µ_áˆµáˆáŒ áŠ“_áŠ á‹²áˆµ_áŠ á‰ á‰£_á‰ áˆµá”áˆ»áˆŠáˆµá‰¶á‰½_á‰¥á‰»_á‹¨áˆšáˆ°áŒ¥
#áŠ¨áŒ¥áˆ­_18/2017 áŒ€áˆáˆ®
---------------------------------------------
âœ”#áŠ á‹˜áŒ‹áŒ…-Ethio-American CPD center in collaboration with selected hospitals .
ğŸ’¥Place of Trainings-Selected Hospitals 

Call & Register now
Â  Â â˜ï¸0965412222 Dr.Shalom
   â˜ï¸0941404444 Daye
Â Â  â˜ï¸0942404444 Tenbit
Â Â  â˜ï¸0968670067Â  Selam
Â Â  â˜ï¸0965410000Â  Ekram(A.A)
Â 
#N.B_We only have a few spots left!! #OB_Ultrasound_Is_Our_Accredited_Course 
ğŸƒFor more info .follow us on telegram :-
t.me/eahci",2025-01-20 06:39:24+00:00,photos/@EAHCI_2587.jpg
ETHIO-AMERICAN MEDICAL TRAININGS( CPD ) & HEALTH CONSULTANCY CENTER,@EAHCI,2586,,2025-01-20 06:38:55+00:00,
ETHIO-AMERICAN MEDICAL TRAININGS( CPD ) & HEALTH CONSULTANCY CENTER,@EAHCI,2585,"#OBGYN_Ultrasound_Training@Hawassa!
#áŒ¥áˆ­_18/2017 áŒ€áˆáˆ®
---------------------------------------------

âœ”áŠ á‹˜áŒ‹áŒ…-Ethio-American CPD center in collaboration with selected hospitals .
ğŸ’¥Place of Trainings-Selected Hospitals 

Call & Register now
Â Â  â˜ï¸0941404444 Daye
Â  Â â˜ï¸0965412222 Dr.Shalom
Â Â  â˜ï¸0942404444 Tenbit
Â Â  â˜ï¸0968670067Â  Selam
Â Â  â˜ï¸0965410000Â  Ekram(A.A)
Â 
#N.B_We only have a few spots left!! #OB_Ultrasound_Is_Our_Accredited_Course 
ğŸƒFor more info .follow us on telegram :-
t.me/eahci",2025-01-20 06:38:42+00:00,photos/@EAHCI_2585.jpg
ETHIO-AMERICAN MEDICAL TRAININGS( CPD ) & HEALTH CONSULTANCY CENTER,@EAHCI,2584,,2025-01-19 10:52:45+00:00,
ETHIO-AMERICAN MEDICAL TRAININGS( CPD ) & HEALTH CONSULTANCY CENTER,@EAHCI,2583,"áŠ¥áŠ•áŠ³áŠ• áˆˆá‰¥áˆ­áˆƒáŠ áŒ¥áˆá‰€á‰± áŠ á‹°áˆ¨áˆ³á‰½áˆ!!

áŠ¢á‰µá‹®-áŠ áˆœáˆªáŠ«áŠ• áˆœá‹²áŠ«áˆ áˆµáˆáŒ áŠ“á‹á‰½á£ áˆ²á’á‹² áŠ¥áŠ“ áŠ®áŠ•áˆ°áˆá‰³áŠ•áˆ² áˆˆáˆ˜áˆ‹á‹ áŠ¦áˆ­á‰¶á‹¶áŠ­áˆ³á‹Šá‹«áŠ•Â  áˆ˜áˆáŠ«áˆ á‹¨áŒ¥áˆá‰€á‰µ á‰ á‹“áˆ á‹­áˆ˜áŠ›áˆá¡á¡

áŠ¢á‰µá‹®-áŠ áˆœáˆªáŠ«áŠ• á‰ áŠ áŒˆáˆ­ á‹áˆµáŒ¥áŠ“ á‹áŒª áŠ áŒˆáˆ­ á‰ áˆšáŠ–áˆ© áˆ€áŠªáˆ áˆµá”áˆ»áˆŠáˆµá‰¶á‰½ áŠ¥áŠ“ áˆ…á‰¥áˆ¨á‰°áˆ°á‰¥ áŒ¤áŠ“ áˆµá”áˆ»áˆŠáˆµá‰¶á‰½ á‹¨á‰°áˆ˜áˆ°áˆ¨á‰° á‹µáŠ•á‰… á‰°á‰‹áˆ

áˆ˜áˆáŠ«áˆ á‰ á‹“áˆ!!

á‰¢áˆ®á‹á‰½ :- áˆ€á‹‹áˆ³ áŠ¥áŠ“ áŠ á‹²áˆµ áŠ á‰ á‰£

ğŸ“0462124400/
ğŸ“0941038774/ 

T.me/eahci",2025-01-19 10:48:03+00:00,photos/@EAHCI_2583.jpg
ETHIO-AMERICAN MEDICAL TRAININGS( CPD ) & HEALTH CONSULTANCY CENTER,@EAHCI,2582,,2025-01-19 09:59:28+00:00,
ETHIO-AMERICAN MEDICAL TRAININGS( CPD ) & HEALTH CONSULTANCY CENTER,@EAHCI,2581,"ğŸ’¥Adult_ECHO_Training@#AXUM_áŠ áŠ­áˆ±áˆ_By_Cardiologist_for_Physicians 
 We_have_Only_few_trainee_Position
ğŸ‘‰Lecture will start on January 27
ğŸ‘‰áŒ¥áˆ­ 19 á‹­áŒ€áˆáˆ«áˆ!
#Hands_on training !
#Register_Soon_And_Get_Certified !!
ğŸ“0965412222 Dr.Shalom
ğŸ“0941404444

#Hosted_By: Ethio-American Medical Training Center
T.me/eahci",2025-01-19 09:27:42+00:00,photos/@EAHCI_2581.jpg
ETHIO-AMERICAN MEDICAL TRAININGS( CPD ) & HEALTH CONSULTANCY CENTER,@EAHCI,2580,#áˆˆáˆ˜áˆ‹á‹_á‹á‹µ_áŠ¦áˆ­á‰¶á‹¶áŠ­áˆ³á‹Šá‹«áŠ•á¢ áŠ¥áŠ•áŠ³áŠ• áˆˆáŠ¨á‰°áˆ« á‰ áŠ áˆ á‰ áˆ°áˆ‹áˆ áŠ á‹°áˆ¨áˆ³á‰½áˆá¢,2025-01-18 12:41:52+00:00,photos/@EAHCI_2580.jpg
ETHIO-AMERICAN MEDICAL TRAININGS( CPD ) & HEALTH CONSULTANCY CENTER,@EAHCI,2579,"Â #ğŸ’¥CPD_áŠ áˆáŠ•_á‹­áˆ˜á‹áŒˆá‰¡ #á‹¨áˆá‹«_áˆá‰ƒá‹µ_áˆˆáˆ›áˆ³á‹°áˆµ_CPD_á‹­áˆ˜á‹áŒˆá‰¡
#Title=RESPECTFUL MATERNAL CARE 
ğŸ”¶15CEU
ğŸ‘‰ áŠ¨ áŒ¥áˆ­ 12 áŒ€áˆáˆ® á‹­áˆ°áŒ£áˆ!
áˆˆáˆáˆ‰áˆ áŒ¤áŠ“ á‰£áˆˆáˆá‹«á‹á‰½ á‰ áˆáˆ‰áˆ áŠ­áˆáˆá‰½áŠ“ áŠ¨á‰°áˆá‰½ áˆ‹áˆ‹á‰½áˆá¢
--------------------------------------------
â¯0942404444(Tenbit)
ğŸ“±0965410000(Ekram)
ğŸ“±0965412222(Dr. Shalom)
ğŸ“±0942404444(Tenbit)
ğŸ“±0941404444(Daye)
ğŸ“±0968670067(Selam)
ğŸ“³0462124400
Â Ethio-American CPD center & Health Consultancy.
ğŸƒWe Are Committed To Excellence In Medical Trainings â—
For more info join our telegram channelÂ Â Â Â Â Â Â Â Â Â Â Â Â Â Â  t.me/eahci",2025-01-17 13:12:09+00:00,photos/@EAHCI_2579.jpg
ETHIO-AMERICAN MEDICAL TRAININGS( CPD ) & HEALTH CONSULTANCY CENTER,@EAHCI,2578,"Â #ğŸ’¥CPD_áŠ áˆáŠ•_á‹­áˆ˜á‹áŒˆá‰¡ #á‹¨áˆá‹«_áˆá‰ƒá‹µ_áˆˆáˆ›áˆ³á‹°áˆµ_CPD_á‹­áˆ˜á‹áŒˆá‰¡
#Title=INFECTION PREVENTION AND PATIENT SAFETY!
ğŸ”¶15CEU
ğŸ‘‰ áŠ¨áŠáŒˆ áŒ¥áˆ­ 9 áŒ€áˆáˆ® á‹­áˆ°áŒ£áˆ!
áˆˆáˆáˆ‰áˆ áŒ¤áŠ“ á‰£áˆˆáˆá‹«á‹á‰½ á‰ áˆáˆ‰áˆ áŠ­áˆáˆá‰½áŠ“ áŠ¨á‰°áˆá‰½ áˆ‹áˆ‹á‰½áˆá¢
--------------------------------------------
â¯0942404444(Tenbit)
ğŸ“±0965410000(Ekram)
ğŸ“±0965412222(Dr. Shalom)
ğŸ“±0942404444(Tenbit)
ğŸ“±0941404444(Daye)
ğŸ“±0968670067(Selam)
ğŸ“³0462124400
Â Ethio-American CPD center & Health Consultancy.
ğŸƒWe Are Committed To Excellence In Medical Trainings â—
For more info join our telegram channelÂ Â Â Â Â Â Â Â Â Â Â Â Â Â Â  t.me/eahci",2025-01-16 06:10:26+00:00,photos/@EAHCI_2578.jpg
ETHIO-AMERICAN MEDICAL TRAININGS( CPD ) & HEALTH CONSULTANCY CENTER,@EAHCI,2577,"#OBGYN_Ultrasound_Training@Hawassa!
#áŒ¥áˆ­_12/2017 áŒ€áˆáˆ®
---------------------------------------------

âœ”áŠ á‹˜áŒ‹áŒ…-Ethio-American CPD center in collaboration with selected hospitals .
ğŸ’¥Place of Trainings-Selected Hospitals 

Call & Register now
Â Â  â˜ï¸0941404444 Daye
Â  Â â˜ï¸0965412222 Dr.Shalom
Â Â  â˜ï¸0942404444 Tenbit
Â Â  â˜ï¸0968670067Â  Selam
Â Â  â˜ï¸0965410000Â  Ekram(A.A)
Â 
#N.B_We only have a few spots left!! #OB_Ultrasound_Is_Our_Accredited_Course 
ğŸƒFor more info .follow us on telegram :-
t.me/eahci",2025-01-13 06:20:54+00:00,photos/@EAHCI_2577.jpg
ETHIO-AMERICAN MEDICAL TRAININGS( CPD ) & HEALTH CONSULTANCY CENTER,@EAHCI,2576,"#á‹¨áŒáˆ­á‹›á‰µ_áˆµáˆáŒ áŠ“_á‹ˆáˆ‹á‹­á‰³_áˆ¶á‹¶
#Circumcision_Skill_Training_@WOLAYITA_SODO (Adult & Neonates with Ring ) Â á‰ á‰€áˆˆá‰ á‰µáŠ“ á‹«áˆˆá‰€áˆˆá‰ á‰µ â¥Â  Â áŠ¨ áŒ¥áˆ­ 12 áŒ€áˆáˆ® á‹­áˆ°áŒ£áˆá¢ (15CEU CPD & Skill)
ğŸ”¶ğŸ”¶ğŸ”¶ğŸ”¶ğŸ”¶ğŸ”¶ğŸ”¶ğŸ”¶ğŸ”¶ğŸ”¶
ğŸ‘‰á‹¨áŒáˆ­á‹›á‰µ áŠ­áˆ…áˆá‰µ áˆµáˆáŒ áŠ“ (á‰ á‰€áˆˆá‰ á‰µáŠ“ á‹«áˆˆá‰€áˆˆá‰ á‰µ - Ring /Without Ring-cut ) áˆµáˆáŒ áŠ“ 
ğŸ‘‰áŠ á‹˜áŒ‹áŒ…-Ethio-AmericanÂ  Health Consultancy & CPD Center.
ğŸ‘‰áˆ°áˆáŒ£áŠá‰½-GP,HO,Nurse,Midwife

Â  ğŸ“0965412222 Dr shalom
  ğŸ“Daye 0941404444
Â  ğŸ“Ekram 0965410000
 ğŸ“Selam(A.A) 0968670067
Â Â ğŸ“Tinbit(A.A)Â 0942404444
Â Â ğŸ“OfficeÂ 0941404444

ğŸ‘‰áˆ›áˆµá‰³á‹ˆáˆ» :-GP,HO,Nurse,Midwif á‰áŒ¥áˆ­ 12 á‰¥á‰» áˆ˜áˆ†áŠ‘áŠ• áŠ¥á‹¨áŒˆáˆˆá…áŠ• á‰€á‹µáˆ˜á‹Â  á‹¨á‰°áˆ˜á‹˜áŒˆá‰¡ á‰¥á‰» á‹¨áˆšáˆµá‰°áŠ“áŒˆá‹± áˆ˜áˆ†áŠ‘áŠ• áŠ¥áŠ“áˆ³á‹á‰ƒáˆˆáŠ•á¢
ğŸ‘‰Circumcision is our Patented & Accredited Course !
:-t.me/eahci",2025-01-13 05:50:10+00:00,photos/@EAHCI_2576.jpg
ETHIO-AMERICAN MEDICAL TRAININGS( CPD ) & HEALTH CONSULTANCY CENTER,@EAHCI,2575,"Â #ğŸ’¥CPD_áŠ áˆáŠ•_á‹­áˆ˜á‹áŒˆá‰¡ #á‹¨áˆá‹«_áˆá‰ƒá‹µ_áˆˆáˆ›áˆ³á‹°áˆµ_CPD_á‹­áˆ˜á‹áŒˆá‰¡
#Title= INTEGRATED EMERGENCY MEDICINE 
ğŸ”¶15CEU
ğŸ‘‰ áŠ¨áŒ¥áˆ­ 7 áŒ€áˆáˆ®!
áˆˆáˆáˆ‰áˆ áŒ¤áŠ“ á‰£áˆˆáˆá‹«á‹á‰½ á‰ áˆáˆ‰áˆ áŠ­áˆáˆá‰½áŠ“ áŠ¨á‰°áˆá‰½ áˆ‹áˆ‹á‰½áˆá¢
--------------------------------------------
ğŸ“±0942404444(Tenbit)
ğŸ“±0941404444(Daye)
ğŸ“±0965412222(Dr. Shalom)
ğŸ“±0965410000(Ekram)
ğŸ“±0968670067(Selam)
ğŸ“³0462124400
Â Ethio-American CPD center & Health Consultancy.
ğŸƒWe Are Committed To Excellence In Medical Trainings â—
For more info join our telegram channelÂ Â Â Â Â Â Â Â Â Â Â Â Â Â Â  t.me/eahci",2025-01-12 16:35:19+00:00,photos/@EAHCI_2575.jpg
ETHIO-AMERICAN MEDICAL TRAININGS( CPD ) & HEALTH CONSULTANCY CENTER,@EAHCI,2574,"ğŸ’¥Adult_ECHO_Training@#BAHIRDAR_á‰£áˆ…áˆ­á‹³áˆ­_By_Cardiologist_for_Physician(Internists)
 We_have_Only_few_trainee_Position
ğŸ‘‰Lecture will start on January 20
ğŸ‘‰áŒ¥áˆ­ 12 á‹­áŒ€áˆáˆ«áˆ!
#Hands_on training !
#Register_Soon_And_Get_Certified !!
ğŸ“0965412222 Dr.Shalom
ğŸ“0941404444

#Hosted_By: Ethio-American Medical Training Center
T.me/eahci",2025-01-10 08:07:35+00:00,photos/@EAHCI_2574.jpg
ETHIO-AMERICAN MEDICAL TRAININGS( CPD ) & HEALTH CONSULTANCY CENTER,@EAHCI,2573,,2025-01-10 05:58:04+00:00,
ETHIO-AMERICAN MEDICAL TRAININGS( CPD ) & HEALTH CONSULTANCY CENTER,@EAHCI,2571,"#Hawassa_Dental_Extraction_and_Care_Training 
ğŸ‘‰áŠ¨ áŒ¥áˆ­ 5/2017 áŒ€áˆáˆ® á‹­áˆ°áŒ£áˆá¢Â 
---------------------------------------------

âœ”áŠ á‹˜áŒ‹áŒ…-Ethio-American CPD center in collaboration with selected hospitals .

Call & Register now
Â Â  â˜ï¸0941404444 Office
  Â â˜ï¸0965412222 Dr.Shalom
Â Â  â˜ï¸0942404444 Tinbit
Â Â  â˜ï¸0968670067Â  Selam
Â Â  â˜ï¸0965410000Â  Ekram
ğŸƒFor more info .follow us on telegram :-
t.me/eahci",2025-01-10 05:53:11+00:00,photos/@EAHCI_2571.jpg
ETHIO-AMERICAN MEDICAL TRAININGS( CPD ) & HEALTH CONSULTANCY CENTER,@EAHCI,2570,"#á‹¨áŒáˆ­á‹›á‰µ_áˆµáˆáŒ áŠ“_Addis_Ababa 
#Circumcision_Skill_Training_@ADISSABABA (Adult & Neonates with Ring ) Â á‰ á‰€áˆˆá‰ á‰µáŠ“ á‹«áˆˆá‰€áˆˆá‰ á‰µ â¥Â  Â áŠ¨ áŒ¥áˆ­ 18 áŒ€áˆáˆ® á‹­áˆ°áŒ£áˆá¢ (15CEU CPD & Skill)
ğŸ”¶ğŸ”¶ğŸ”¶ğŸ”¶ğŸ”¶ğŸ”¶ğŸ”¶ğŸ”¶ğŸ”¶ğŸ”¶
ğŸ‘‰áŠ á‹˜áŒ‹áŒ…-Ethio-AmericanÂ  Health Consultancy & CPD Center.
ğŸ‘‰áˆ°áˆáŒ£áŠá‰½-GP,HO,Nurse,Midwife

Â  ğŸ“0965412222 Dr shalom
  ğŸ“Daye 0941404444
Â  ğŸ“Ekram(A.A) 0965410000
 ğŸ“Selam(A.A) 0968670067
Â Â ğŸ“Tinbit(A.A)Â 0942404444
Â Â ğŸ“OfficeÂ 0941404444

ğŸ‘‰áˆ›áˆµá‰³á‹ˆáˆ» :-GP,HO,Nurse,Midwif á‰áŒ¥áˆ­ 12 á‰¥á‰» áˆ˜áˆ†áŠ‘áŠ• áŠ¥á‹¨áŒˆáˆˆá…áŠ• á‰€á‹µáˆ˜á‹Â  á‹¨á‰°áˆ˜á‹˜áŒˆá‰¡ á‰¥á‰» á‹¨áˆšáˆµá‰°áŠ“áŒˆá‹± áˆ˜áˆ†áŠ‘áŠ• áŠ¥áŠ“áˆ³á‹á‰ƒáˆˆáŠ•á¢
ğŸ‘‰Circumcision is our Patented & Accredited Course !
:-t.me/eahci",2025-01-09 16:33:26+00:00,photos/@EAHCI_2570.jpg
ETHIO-AMERICAN MEDICAL TRAININGS( CPD ) & HEALTH CONSULTANCY CENTER,@EAHCI,2568,"#OBGYN_Ultrasound_Training@AdissAbaba
# áŠ¨áŒ¥áˆ­ 12/2017 áŒ€áˆáˆ®
---------------------------------------------

âœ”áŠ á‹˜áŒ‹áŒ…-Ethio-American CPD center in collaboration with selected hospitals .
ğŸ’¥Place of Trainings-Selected Hospitals 

Call & Register now
Â  Â â˜ï¸0965412222 Dr.Shalom
   â˜ï¸0941404444 Daye
Â Â  â˜ï¸0942404444 Tenbit
Â Â  â˜ï¸0968670067Â  Selam
Â Â  â˜ï¸0965410000Â  Ekram(A.A)
Â 
#N.B_We only have a few spots left!! #OB_Ultrasound_Is_Our_Accredited_Course 
ğŸƒFor more info .follow us on telegram :-
t.me/eahci",2025-01-09 16:05:33+00:00,photos/@EAHCI_2568.jpg
ETHIO-AMERICAN MEDICAL TRAININGS( CPD ) & HEALTH CONSULTANCY CENTER,@EAHCI,2567,"Â #ğŸ’¥CPD_áŠ áˆáŠ•_á‹­áˆ˜á‹áŒˆá‰¡ #á‹¨áˆá‹«_áˆá‰ƒá‹µ_áˆˆáˆ›áˆ³á‹°áˆµ_CPD_á‹­áˆ˜á‹áŒˆá‰¡
#Title= Basic Life Support 
ğŸ”¶15CEU
ğŸ‘‰ áŠ¨áŒ¥áˆ­ 1 áŒ€áˆáˆ®!
áˆˆáˆáˆ‰áˆ áŒ¤áŠ“ á‰£áˆˆáˆá‹«á‹á‰½ á‰ áˆáˆ‰áˆ áŠ­áˆáˆá‰½áŠ“ áŠ¨á‰°áˆá‰½ áˆ‹áˆ‹á‰½áˆá¢
--------------------------------------------
ğŸ“0965412222(Dr. Shalom)
ğŸ“±0965410000(Ekram)
ğŸ“±0941404444(Daye)
ğŸ“±0942404444(Tenbit)
ğŸ“±0968670067(Selam)
ğŸ“³0462124400
Â Ethio-American CPD center & Health Consultancy.
ğŸƒWe Are Committed To Excellence In Medical Trainings â—
For more info join our telegram channel                t.me/eahci",2025-01-08 17:50:22+00:00,photos/@EAHCI_2567.jpg
ETHIO-AMERICAN MEDICAL TRAININGS( CPD ) & HEALTH CONSULTANCY CENTER,@EAHCI,2566,"ğŸ‡áˆˆáˆ˜áˆ‹á‹ áŠ­áˆ­áˆµá‰µáŠ“ áŠ¥áˆáŠá‰µ á‰°áŠ¨á‰³á‹­ á‰¤á‰°áˆ°á‰¦á‰»á‰½áŠ• á‰ áˆ™áˆ‰ğŸ‡ğŸ„

áŠ¥áŠ•áŠ³áŠ• áˆˆáŒŒá‰³á‰½áŠ• áˆˆáˆ˜á‹µáŠƒáŠ’á‰³á‰½áŠ• áŠ¢á‹¨áˆ±áˆµ áŠ­áˆ­áˆµá‰¶áˆµ á‹¨áˆá‹°á‰µ á‰ áŠ áˆ á‰ áˆ°áˆ‹áˆ áŠ á‹°áˆ¨áˆ³á‰½áˆ áŠ¥á‹«áˆáŠ• á‰ á‹“áˆ‰ á‹¨áá‰…áˆ­á£ á‹¨áˆ˜á‰°áˆ³áˆ°á‰¥á£ á‹¨áŠ áŠ•á‹µáŠá‰µá£ á‹¨áˆ°áˆ‹áˆ áŠ¥áŠ“ á‹¨áˆ˜áˆ¨á‹³á‹³á‰µÂ  á‹­áˆ†áŠ• á‹˜áŠ•á‹µ áŠ¥áŠ•áˆ˜áŠ›áˆˆáŠ•::

Â Â Â Â Â Â Â Â Â Â áˆ˜áˆáŠ«áˆ á‰ áŠ áˆ!

Ethio-Americans",2025-01-06 15:02:11+00:00,photos/@EAHCI_2566.jpg
ETHIO-AMERICAN MEDICAL TRAININGS( CPD ) & HEALTH CONSULTANCY CENTER,@EAHCI,2565,"Â #ğŸ’¥CPD #á‹¨áˆá‹«_áˆá‰ƒá‹µ_áˆˆáˆ›áˆ³á‹°áˆµ_CPD_á‹­áˆ˜á‹áŒˆá‰¡
#Title= Basic Life Support 
ğŸ”¶15CEU
ğŸ‘‰ áŠ¨á‰³áˆ…áˆ³áˆµ 30 áŒ€áˆáˆ®!
áˆˆáˆáˆ‰áˆ áŒ¤áŠ“ á‰£áˆˆáˆá‹«á‹á‰½ á‰ áˆáˆ‰áˆ áŠ­áˆáˆá‰½áŠ“ áŠ¨á‰°áˆá‰½ áˆ‹áˆ‹á‰½áˆá¢
--------------------------------------------
ğŸ“±0965410000(Ekram)
ğŸ“±0941404444(Daye)
ğŸ“±0965412222(Dr. Shalom)
ğŸ“±0942404444(Tenbit)
ğŸ“±0968670067(Selam)
ğŸ“³0462124400
Â Ethio-American CPD center & Health Consultancy.
ğŸƒWe Are Committed To Excellence In Medical Trainings â—
For more info join our telegram channel                t.me/eahci",2025-01-05 05:06:39+00:00,photos/@EAHCI_2565.jpg
ETHIO-AMERICAN MEDICAL TRAININGS( CPD ) & HEALTH CONSULTANCY CENTER,@EAHCI,2564,,2025-01-03 13:33:09+00:00,
ETHIO-AMERICAN MEDICAL TRAININGS( CPD ) & HEALTH CONSULTANCY CENTER,@EAHCI,2563,"#OBGYN_Ultrasound_Training@Wolaita_Sodo
# áŠ¨áŒ¥áˆ­ 12/2017 áŒ€áˆáˆ®
---------------------------------------------

âœ”áŠ á‹˜áŒ‹áŒ…-Ethio-American CPD center in collaboration with selected hospitals .
ğŸ’¥Place of Trainings-Selected Hospitals 

Call & Register now
Â Â  â˜ï¸0941404444 Daye
Â  Â â˜ï¸0965412222 Dr.Shalom
Â Â  â˜ï¸0942404444 Tenbit
Â Â  â˜ï¸0968670067Â  Selam
Â Â  â˜ï¸0965410000Â  Ekram(A.A)
Â 
#N.B_We only have a few spots left!! #OB_Ultrasound_Is_Our_Accredited_Course 
ğŸƒFor more info .follow us on telegram :-
t.me/eahci",2025-01-02 05:58:30+00:00,photos/@EAHCI_2563.jpg
ETHIO-AMERICAN MEDICAL TRAININGS( CPD ) & HEALTH CONSULTANCY CENTER,@EAHCI,2562,"#á‹¨áŒáˆ­á‹›á‰µ_áˆµáˆáŒ áŠ“_á‹ˆáˆ‹á‹­á‰³_áˆ¶á‹¶
#Circumcision_Skill_Training_@WOLAYITA_SODO (Adult & Neonates with Ring ) Â á‰ á‰€áˆˆá‰ á‰µáŠ“ á‹«áˆˆá‰€áˆˆá‰ á‰µ â¥Â  Â áŠ¨ áŒ¥áˆ­ 4 áŒ€áˆáˆ® á‹­áˆ°áŒ£áˆá¢ (15CEU CPD & Skill)
ğŸ”¶ğŸ”¶ğŸ”¶ğŸ”¶ğŸ”¶ğŸ”¶ğŸ”¶ğŸ”¶ğŸ”¶ğŸ”¶
ğŸ‘‰áŠ á‹˜áŒ‹áŒ…-Ethio-AmericanÂ  Health Consultancy & CPD Center.
ğŸ‘‰áˆ°áˆáŒ£áŠá‰½-GP,HO,Nurse,Midwife

Â  ğŸ“0965412222 Dr shalom
  ğŸ“Daye 0941404444
Â  ğŸ“Ekram 0965410000
 ğŸ“Selam(A.A) 0968670067
Â Â ğŸ“Tinbit(A.A)Â 0942404444
Â Â ğŸ“OfficeÂ 0941404444

ğŸ‘‰áˆ›áˆµá‰³á‹ˆáˆ» :-GP,HO,Nurse,Midwif á‰áŒ¥áˆ­ 12 á‰¥á‰» áˆ˜áˆ†áŠ‘áŠ• áŠ¥á‹¨áŒˆáˆˆá…áŠ• á‰€á‹µáˆ˜á‹Â  á‹¨á‰°áˆ˜á‹˜áŒˆá‰¡ á‰¥á‰» á‹¨áˆšáˆµá‰°áŠ“áŒˆá‹± áˆ˜áˆ†áŠ‘áŠ• áŠ¥áŠ“áˆ³á‹á‰ƒáˆˆáŠ•á¢
ğŸ‘‰Circumcision is our Patented & Accredited Course !
:-t.me/eahci",2025-01-01 09:06:03+00:00,photos/@EAHCI_2562.jpg
ETHIO-AMERICAN MEDICAL TRAININGS( CPD ) & HEALTH CONSULTANCY CENTER,@EAHCI,2559,ğŸ’¥Happy New year (2025),2024-12-31 21:34:28+00:00,photos/@EAHCI_2559.jpg
ETHIO-AMERICAN MEDICAL TRAININGS( CPD ) & HEALTH CONSULTANCY CENTER,@EAHCI,2558,"#Hawassa_Dental_Extraction_and_Care_Training 
ğŸ‘‰áŠ¨ áŒ¥áˆ­ 5/2017 áŒ€áˆáˆ® á‹­áˆ°áŒ£áˆá¢Â 
---------------------------------------------

âœ”áŠ á‹˜áŒ‹áŒ…-Ethio-American CPD center in collaboration with selected hospitals .

Call & Register now
Â Â  â˜ï¸0941404444 Office
  Â â˜ï¸0965412222 Dr.Shalom
Â Â  â˜ï¸0942404444 Tinbit
Â Â  â˜ï¸0968670067Â  Selam
Â Â  â˜ï¸0965410000Â  Ekram
ğŸƒFor more info .follow us on telegram :-
t.me/eahci",2024-12-31 10:22:34+00:00,photos/@EAHCI_2558.jpg
ETHIO-AMERICAN MEDICAL TRAININGS( CPD ) & HEALTH CONSULTANCY CENTER,@EAHCI,2556,"#OBGYN_Ultrasound_Training@Hawassa!
# áŒ¥áˆ­ 4/2017 áŒ€áˆáˆ®
---------------------------------------------

âœ”áŠ á‹˜áŒ‹áŒ…-Ethio-American CPD center in collaboration with selected hospitals .
ğŸ’¥Place of Trainings-Selected Hospitals 

Call & Register now
Â Â  â˜ï¸0941404444 Daye
Â  Â â˜ï¸0965412222 Dr.Shalom
Â Â  â˜ï¸0942404444 Tenbit
Â Â  â˜ï¸0968670067Â  Selam
Â Â  â˜ï¸0965410000Â  Ekram(A.A)
Â 
#N.B_We only have a few spots left!! #OB_Ultrasound_Is_Our_Accredited_Course 
ğŸƒFor more info .follow us on telegram :-
t.me/eahci",2024-12-31 09:47:56+00:00,photos/@EAHCI_2556.jpg
ETHIO-AMERICAN MEDICAL TRAININGS( CPD ) & HEALTH CONSULTANCY CENTER,@EAHCI,2555,,2024-12-31 09:17:37+00:00,
ETHIO-AMERICAN MEDICAL TRAININGS( CPD ) & HEALTH CONSULTANCY CENTER,@EAHCI,2554,"Â #CPD(ğŸ„20%Christmas DiscountğŸ„ )
#Title= Antimicrobial Drug Resistance 
ğŸ”¶15CEU
ğŸ‘‰ áŠ¨á‰³áˆ…áˆ³áˆµ 25 áŒ€áˆáˆ®!
áˆˆáˆáˆ‰áˆ áŒ¤áŠ“ á‰£áˆˆáˆá‹«á‹á‰½ á‰ áˆáˆ‰áˆ áŠ­áˆáˆá‰½áŠ“ áŠ¨á‰°áˆá‰½ áˆ‹áˆ‹á‰½áˆá¢ 
ğŸ„20%Christmas DiscountğŸ„ 
ğŸ„20%Christmas DiscountğŸ„ 
--------------------------------------------
ğŸ“±0941404444(Daye)
ğŸ“±0965412222(Dr. Shalom)
ğŸ“±0942404444(Tenbit)
ğŸ“±0965410000(Ekram)
ğŸ“±0968670067(Selam)
ğŸ“³0462124400
Â Ethio-American CPD center & Health Consultancy.
ğŸƒWe Are Committed To Excellence In Medical Trainings â—
For more info join our telegram channel                t.me/eahci",2024-12-31 09:11:31+00:00,photos/@EAHCI_2554.jpg
ETHIO-AMERICAN MEDICAL TRAININGS( CPD ) & HEALTH CONSULTANCY CENTER,@EAHCI,2553,"Â #ğŸ’¥CPD #á‹¨áˆá‹«_áˆá‰ƒá‹µ_áˆˆáˆ›áˆ³á‹°áˆµ_CPD_á‹­áˆ˜á‹áŒˆá‰¡
#Title= Medical Ethics
ğŸ”¶15CEU
ğŸ‘‰ áŠ¨á‰³áˆ…áˆ³áˆµ 22 áŒ€áˆáˆ®!
áˆˆáˆáˆ‰áˆ áŒ¤áŠ“ á‰£áˆˆáˆá‹«á‹á‰½ á‰ áˆáˆ‰áˆ áŠ­áˆáˆá‰½áŠ“ áŠ¨á‰°áˆá‰½ áˆ‹áˆ‹á‰½áˆá¢
--------------------------------------------
ğŸ“±0941404444(Daye)
ğŸ“±0965412222(Dr. Shalom)
ğŸ“±0942404444(Tenbit)
ğŸ“±0965410000(Ekram)
ğŸ“±0968670067(Selam)
ğŸ“³0462124400
Â Ethio-American CPD center & Health Consultancy.
ğŸƒWe Are Committed To Excellence In Medical Trainings â—
For more info join our telegram channel                t.me/eahci",2024-12-26 13:09:58+00:00,photos/@EAHCI_2553.jpg
ETHIO-AMERICAN MEDICAL TRAININGS( CPD ) & HEALTH CONSULTANCY CENTER,@EAHCI,2552,"#OBGYN_Ultrasound_Training@Hawassa!
#á‰³áŠ…áˆ£áˆ¥ 20/2017 áŒ€áˆáˆ®
---------------------------------------------

âœ”áŠ á‹˜áŒ‹áŒ…-Ethio-American CPD center in collaboration with selected hospitals .
ğŸ’¥Place of Trainings-Selected Hospitals 

Call & Register now
Â Â  â˜ï¸0941404444 Daye
Â  Â â˜ï¸0965412222 Dr.Shalom
Â Â  â˜ï¸0942404444 Tenbit
Â Â  â˜ï¸0968670067Â  Selam
Â Â  â˜ï¸0965410000Â  Ekram(A.A)
Â 
#N.B_We only have a few spots left!! #OB_Ultrasound_Is_Our_Accredited_Course 
ğŸƒFor more info .follow us on telegram :-
t.me/eahci",2024-12-26 10:20:47+00:00,photos/@EAHCI_2552.jpg
ETHIO-AMERICAN MEDICAL TRAININGS( CPD ) & HEALTH CONSULTANCY CENTER,@EAHCI,2551,"#á‹°áˆ´_Dental_Extraction & Care TrainingğŸ“Œ
#áŠ¨áŒ¥áˆ­ 4/2017 áŒ€áˆáˆ®
---------------------------------------------

âœ”áŠ á‹˜áŒ‹áŒ…-Ethio-American CPD center in collaboration with selected hospitals .
ğŸ’¥Place of Trainings-Selected Hospitals 

Call & Register now
Â Â  â˜ï¸0941404444 Daye
Â  Â â˜ï¸0965412222 Dr.Shalom
ğŸ“0914711558Â  Dessie
Â Â  â˜ï¸0942404444 Tenbit
Â Â  â˜ï¸0968670067Â  Selam
Â Â  â˜ï¸0965410000Â  Ekram(A.A)
Â  

#N.B_Only a few spots left #Dental_extraction_and_care_Is_Our_Accredited_Course 
ğŸƒFor more info .follow us on telegram :-
t.me/eahci",2024-12-26 08:25:04+00:00,photos/@EAHCI_2551.jpg
ETHIO-AMERICAN MEDICAL TRAININGS( CPD ) & HEALTH CONSULTANCY CENTER,@EAHCI,2549,"Â #ğŸ’¥CPD #á‹¨áˆá‹«_áˆá‰ƒá‹µ_áˆˆáˆ›áˆ³á‹°áˆµ_CPD_á‹­áˆ˜á‹áŒˆá‰¡
#Title= Sexually Transmitted Infection 
ğŸ”¶15CEU
ğŸ‘‰ á‹›áˆ¬ á‹­áŒ€áˆáˆ«áˆ!
áˆˆáˆáˆ‰áˆ áŒ¤áŠ“ á‰£áˆˆáˆá‹«á‹á‰½ á‰ áˆáˆ‰áˆ áŠ­áˆáˆá‰½áŠ“ áŠ¨á‰°áˆá‰½ áˆ‹áˆ‹á‰½áˆá¢
--------------------------------------------
ğŸ“±0941404444(Daye)
ğŸ“±0965412222(Dr. Shalom)
ğŸ“±0942404444(Tenbit)
ğŸ“±0965410000(Ekram)
ğŸ“±0968670067(Selam)
ğŸ“³0462124400
Â Ethio-American CPD center & Health Consultancy.
ğŸƒWe Are Committed To Excellence In Medical Trainings â—
For more info join our telegram channel                t.me/eahci",2024-12-25 11:55:35+00:00,photos/@EAHCI_2549.jpg
ETHIO-AMERICAN MEDICAL TRAININGS( CPD ) & HEALTH CONSULTANCY CENTER,@EAHCI,2545,"#OBGYN_Ultrasound_Training@Dessie_á‹°áˆ´ğŸ“Œ
#áŠ¨áŒ¥áˆ­ 4/2017 áŒ€áˆáˆ®
---------------------------------------------

âœ”áŠ á‹˜áŒ‹áŒ…-Ethio-American CPD center in collaboration with selected hospitals .
ğŸ’¥Place of Trainings-Selected Hospitals 

Call & Register now
Â Â  â˜ï¸0941404444 Daye
Â  Â â˜ï¸0965412222 Dr.Shalom
Â Â  â˜ï¸0942404444 Tenbit
Â Â  â˜ï¸0968670067Â  Selam
Â Â  â˜ï¸0965410000Â  Ekram(A.A)
Â  

#N.B_Only a few spots left #OB_Ultrasound_Is_Our_Accredited_Course 
ğŸƒFor more info .follow us on telegram :-
t.me/eahci",2024-12-24 08:53:28+00:00,photos/@EAHCI_2545.jpg
ETHIO-AMERICAN MEDICAL TRAININGS( CPD ) & HEALTH CONSULTANCY CENTER,@EAHCI,2544,"ğŸ’¥Adult_ECHO_Training_@#áˆ½áˆ¬_Shire By_Cardiologist_for_Physician(Internists)

We_have_Only_few_trainee_Position
ğŸ‘‰Lecture will start on December 30
#Hands_on training !
#Register_Soon_And_Get_Certified !!
ğŸ“0965412222 Dr.Shalom
ğŸ“0941404444

#Hosted_By: Ethio-American Medical Training Center
T.me/eahci",2024-12-23 12:44:50+00:00,photos/@EAHCI_2544.jpg
ETHIO-AMERICAN MEDICAL TRAININGS( CPD ) & HEALTH CONSULTANCY CENTER,@EAHCI,2542,"#OBGYN_Ultrasound_Training@Adiss_Ababa
#á‰³áŠ…áˆ£áˆ¥ 20/2017 áŒ€áˆáˆ®
---------------------------------------------

âœ”áŠ á‹˜áŒ‹áŒ…-Ethio-American CPD center in collaboration with selected hospitals .
ğŸ’¥Place of Trainings-Selected Hospitals 

Call & Register now
Â Â  â˜ï¸0941404444 Daye
Â  Â â˜ï¸0965412222 Dr.Shalom
Â Â  â˜ï¸0942404444 Tenbit
Â Â  â˜ï¸0968670067Â  Selam
Â Â  â˜ï¸0965410000Â  Ekram(A.A)
Â  

#N.B_ #OB_Ultrasound_Is_Our_Accredited_Course 
ğŸƒFor more info .follow us on telegram :-
t.me/eahci",2024-12-23 12:25:26+00:00,photos/@EAHCI_2542.jpg
ETHIO-AMERICAN MEDICAL TRAININGS( CPD ) & HEALTH CONSULTANCY CENTER,@EAHCI,2541,"ğŸ’¥Adult_ECHO_Training_@#Hawassa_By_Cardiologist_for_Physician(Internists)
 We_have_Only_few_trainee_Position
ğŸ‘‰Lecture will start on January 27
#Hands_on training !
#Register_Soon_And_Get_Certified !!
ğŸ“0965412222 Dr.Shalom
ğŸ“0941404444

#Hosted_By: Ethio-American Medical Training Center
T.me/eahci",2024-12-23 09:21:42+00:00,photos/@EAHCI_2541.jpg
ETHIO-AMERICAN MEDICAL TRAININGS( CPD ) & HEALTH CONSULTANCY CENTER,@EAHCI,2540,"ğŸ’¥Adult_ECHO_Training_@#AdissAbeba_By_Cardiologist_for_Physician(Internists)
 We_have_Only_few_trainee_Position
ğŸ‘‰Lecture will start on January 13
#Hands_on training !
#Register_Soon_And_Get_Certified !!
ğŸ“0965412222 Dr.Shalom
ğŸ“0941404444

#Hosted_By: Ethio-American Medical Training Center
T.me/eahci",2024-12-23 09:20:43+00:00,photos/@EAHCI_2540.jpg
ETHIO-AMERICAN MEDICAL TRAININGS( CPD ) & HEALTH CONSULTANCY CENTER,@EAHCI,2539,"#BASIC_ABDOMINAL_ULTRASOUND_TRAINING @HAWASSA & #Shashemene 
#áŒ¥áˆ­_1/2017 
ğŸ”¶ğŸ”¶ğŸ”¶ğŸ”¶ğŸ”¶ğŸ”¶ğŸ”¶ğŸ”¶ğŸ”¶ğŸ”¶
ğŸ‘‰áŠ á‹˜áŒ‹áŒ…-Ethio-AmericanÂ  Health Consultancy & CPD Center.
ğŸ‘‰áˆ°áˆáŒ£áŠá‰½-PHYSICIANS,MRT +

Â  ğŸ“0965412222 Dr shalom
  ğŸ“Daye 0941404444
Â  ğŸ“Ekram 0965410000
 ğŸ“Selam(A.A) 0968670067
Â Â ğŸ“Tinbit(A.A)Â 0942404444
Â Â ğŸ“OfficeÂ 0941404444

ğŸ‘‰áˆ›áˆµá‰³á‹ˆáˆ» :-only a few spots are available 
:-t.me/eahci",2024-12-23 06:11:00+00:00,photos/@EAHCI_2539.jpg
ETHIO-AMERICAN MEDICAL TRAININGS( CPD ) & HEALTH CONSULTANCY CENTER,@EAHCI,2538,"#á‹¨áŒáˆ­á‹›á‰µ_áˆµáˆáŒ áŠ“_áˆ°áŠ_áˆ€á‹‹áˆ³
#Circumcision_Skill_Training_@HAWASSA (Adult & Neonates with Ring ) Â á‰ á‰€áˆˆá‰ á‰µáŠ“ á‹«áˆˆá‰€áˆˆá‰ á‰µ â¥Â  Â áŠ¨ á‰³áŠ…áˆ£áˆ¥ 14 áŒ€áˆáˆ® á‹­áˆ°áŒ£áˆá¢ (15CEU CPD & Skill)
ğŸ”¶ğŸ”¶ğŸ”¶ğŸ”¶ğŸ”¶ğŸ”¶ğŸ”¶ğŸ”¶ğŸ”¶ğŸ”¶
ğŸ‘‰á‹¨áŒáˆ­á‹›á‰µ áŠ­áˆ…áˆá‰µ áˆµáˆáŒ áŠ“ (á‰ á‰€áˆˆá‰ á‰µáŠ“ á‹«áˆˆá‰€áˆˆá‰ á‰µ - Ring /Without Ring-cut ) áˆµáˆáŒ áŠ“ 
ğŸ‘‰áŠ á‹˜áŒ‹áŒ…-Ethio-AmericanÂ  Health Consultancy & CPD Center.
ğŸ‘‰áˆ°áˆáŒ£áŠá‰½-GP,HO,Nurse,Midwife

Â  ğŸ“0965412222 Dr shalom
  ğŸ“Daye 0941404444
Â  ğŸ“Ekram 0965410000
 ğŸ“Selam(A.A) 0968670067
Â Â ğŸ“Tinbit(A.A)Â 0942404444
Â Â ğŸ“OfficeÂ 0941404444

ğŸ‘‰áˆ›áˆµá‰³á‹ˆáˆ» :-GP,HO,Nurse,Midwif á‰áŒ¥áˆ­ 12 á‰¥á‰» áˆ˜áˆ†áŠ‘áŠ• áŠ¥á‹¨áŒˆáˆˆá…áŠ• á‰€á‹µáˆ˜á‹Â  á‹¨á‰°áˆ˜á‹˜áŒˆá‰¡ á‰¥á‰» á‹¨áˆšáˆµá‰°áŠ“áŒˆá‹± áˆ˜áˆ†áŠ‘áŠ• áŠ¥áŠ“áˆ³á‹á‰ƒáˆˆáŠ•á¢
ğŸ‘‰Circumcision is our Patented & Accredited Course !
:-t.me/eahci",2024-12-21 07:47:34+00:00,photos/@EAHCI_2538.jpg
ETHIO-AMERICAN MEDICAL TRAININGS( CPD ) & HEALTH CONSULTANCY CENTER,@EAHCI,2537,"Â #ğŸ’¥CPD #á‹¨áˆá‹«_áˆá‰ƒá‹µ_áˆˆáˆ›áˆ³á‹°áˆµ_CPD_á‹­áˆ˜á‹áŒˆá‰¡
#Title= Sexually Transmitted Infection 
ğŸ”¶15CEU
ğŸ‘‰ áŠ¨á‰³áŠ…áˆ£áˆ¥ 15/2017 áŒ€áˆáˆ®!
áˆˆáˆáˆ‰áˆ áŒ¤áŠ“ á‰£áˆˆáˆá‹«á‹á‰½ á‰ áˆáˆ‰áˆ áŠ­áˆáˆá‰½áŠ“ áŠ¨á‰°áˆá‰½ áˆ‹áˆ‹á‰½áˆá¢
--------------------------------------------
ğŸ“±0941404444(Daye)
ğŸ“±0965412222(Dr. Shalom)
ğŸ“±0942404444(Tenbit)
ğŸ“±0965410000(Ekram)
ğŸ“±0968670067(Selam)
ğŸ“³0462124400
Â Ethio-American CPD center & Health Consultancy.
ğŸƒWe Are Committed To Excellence In Medical Trainings â—
-join our telegram channel 
T.me/eahci",2024-12-20 06:29:07+00:00,photos/@EAHCI_2537.jpg
ETHIO-AMERICAN MEDICAL TRAININGS( CPD ) & HEALTH CONSULTANCY CENTER,@EAHCI,2536,"Full time radiologist is needed(Bulehora) inbox 
0965412222 Dr Shalom 
0913421022

â¯Net salary :(90,000ETB-100,000ETB)
â¯Working place -Bulehora",2024-12-19 08:44:45+00:00,
ETHIO-AMERICAN MEDICAL TRAININGS( CPD ) & HEALTH CONSULTANCY CENTER,@EAHCI,2535,https://www.facebook.com/100064567187444/posts/pfbid02o64vGp8GSSsEBDe9TaRMrNAhNygxpeERRXhxZExtJSCEDbMkLxHVF4emzvKeuSyal/,2024-12-18 19:52:29+00:00,photos/@EAHCI_2535.jpg
ETHIO-AMERICAN MEDICAL TRAININGS( CPD ) & HEALTH CONSULTANCY CENTER,@EAHCI,2534,"#á‹¨áŒáˆ­á‹›á‰µ_áˆµáˆáŒ áŠ“
#Circumcision_Skill_Training_@HAWASSA (Adult & Neonates with Ring ) Â á‰ á‰€áˆˆá‰ á‰µáŠ“ á‹«áˆˆá‰€áˆˆá‰ á‰µ â¥Â  Â áŠ¨ á‰³áŠ…áˆ£áˆ¥ 13 áŒ€áˆáˆ® á‹­áˆ°áŒ£áˆá¢ (15CEU CPD & Skill)
ğŸ”¶ğŸ”¶ğŸ”¶ğŸ”¶ğŸ”¶ğŸ”¶ğŸ”¶ğŸ”¶ğŸ”¶ğŸ”¶
ğŸ‘‰á‹¨áŒáˆ­á‹›á‰µ áŠ­áˆ…áˆá‰µ áˆµáˆáŒ áŠ“ (á‰ á‰€áˆˆá‰ á‰µáŠ“ á‹«áˆˆá‰€áˆˆá‰ á‰µ - Ring /Without Ring-cut ) áˆµáˆáŒ áŠ“ 
ğŸ‘‰áŠ á‹˜áŒ‹áŒ…-Ethio-AmericanÂ  Health Consultancy & CPD Center.
ğŸ‘‰áˆ°áˆáŒ£áŠá‰½-GP,HO,Nurse,Midwife

Â  ğŸ“0965412222  Dr shalom
  ğŸ“Daye 0941404444
Â  ğŸ“Ekram 0965410000
 ğŸ“Selam(A.A)  0968670067
Â Â ğŸ“Â Tinbit(A.A)Â Â Â  0942404444
Â Â ğŸ“OfficeÂ Â Â Â Â 0941404444

ğŸ‘‰áˆ›áˆµá‰³á‹ˆáˆ» :-GP,HO,Nurse,Midwif á‰áŒ¥áˆ­ 12 á‰¥á‰» áˆ˜áˆ†áŠ‘áŠ• áŠ¥á‹¨áŒˆáˆˆá…áŠ• á‰€á‹µáˆ˜á‹Â  á‹¨á‰°áˆ˜á‹˜áŒˆá‰¡ á‰¥á‰» á‹¨áˆšáˆµá‰°áŠ“áŒˆá‹± áˆ˜áˆ†áŠ‘áŠ• áŠ¥áŠ“áˆ³á‹á‰ƒáˆˆáŠ•á¢
ğŸ‘‰Circumcision is our Patented & Accredited Course !
:-t.me/eahci",2024-12-18 10:38:35+00:00,photos/@EAHCI_2534.jpg
ETHIO-AMERICAN MEDICAL TRAININGS( CPD ) & HEALTH CONSULTANCY CENTER,@EAHCI,2533,"#Dental_Extraction & #Care_Training 
@HAWASSA
ğŸ‘‰áŠ¨ á‰³áŠ…áˆ£áˆ¥ 20 áŒ€áˆáˆ® á‹­áˆ°áŒ£áˆá¢Â 
---------------------------------------------

âœ”áŠ á‹˜áŒ‹áŒ…-Ethio-American CPD center in collaboration with selected hospitals .

Call & Register now
Â Â  â˜ï¸0941404444 Office
  Â â˜ï¸0965412222 Dr.Shalom
Â Â  â˜ï¸0942404444 Tinbit
Â Â  â˜ï¸0968670067Â  Selam
Â Â  â˜ï¸0965410000Â  Ekram
ğŸƒFor more info .follow us on telegram :-
t.me/eahci",2024-12-17 20:15:57+00:00,photos/@EAHCI_2533.jpg
ETHIO-AMERICAN MEDICAL TRAININGS( CPD ) & HEALTH CONSULTANCY CENTER,@EAHCI,2532,,2024-12-17 07:24:52+00:00,
ETHIO-AMERICAN MEDICAL TRAININGS( CPD ) & HEALTH CONSULTANCY CENTER,@EAHCI,2531,,2024-12-17 06:19:22+00:00,
ETHIO-AMERICAN MEDICAL TRAININGS( CPD ) & HEALTH CONSULTANCY CENTER,@EAHCI,2530,"ğŸ’¥Adult_ECHO_Training_@#Bahirdar_By_Cardiologist_for_Physician(Internists) We_have_Only_few_trainee_Position
ğŸ‘‰Lecture will start on December 29
#Hands_on training !
#Register_Soon_And_Get_Certified !!
ğŸ“0965412222 Dr.Shalom
ğŸ“0941404444

#Hosted_By: Ethio-American Medical Training Center
T.me/eahci",2024-12-17 06:14:10+00:00,photos/@EAHCI_2530.jpg
ETHIO-AMERICAN MEDICAL TRAININGS( CPD ) & HEALTH CONSULTANCY CENTER,@EAHCI,2529,"Â #ğŸ’¥CPD #á‹¨áˆá‹«_áˆá‰ƒá‹µ_áˆˆáˆ›áˆ³á‹°áˆµ_CPD_á‹­áˆ˜á‹áŒˆá‰¡
#Title= Non Communicable Disease
ğŸ”¶15CEU
ğŸ‘‰ áŠ¨á‰³áŠ…áˆ£áˆ¥ 9/2017 áŒ€áˆáˆ®!
áˆˆáˆáˆ‰áˆ áŒ¤áŠ“ á‰£áˆˆáˆá‹«á‹á‰½ á‰ áˆáˆ‰áˆ áŠ­áˆáˆá‰½áŠ“ áŠ¨á‰°áˆá‰½ áˆ‹áˆ‹á‰½áˆá¢
--------------------------------------------
ğŸ“±0941404444(Daye)
ğŸ“±0965412222(Dr. Shalom)
ğŸ“±0942404444(Tenbit)
ğŸ“±0965410000(Ekram)
ğŸ“±0968670067(Selam)
ğŸ“³0462124400
Â Ethio-American CPD center & Health Consultancy.
ğŸƒWe Are Committed To Excellence In Medical Trainings â—
-join our telegram channel 
T.me/eahci",2024-12-14 09:43:06+00:00,photos/@EAHCI_2529.jpg
ETHIO-AMERICAN MEDICAL TRAININGS( CPD ) & HEALTH CONSULTANCY CENTER,@EAHCI,2528,"#OBGYN_Ultrasound_Training@Hawassa!
#á‰³áŠ…áˆ£áˆ¥ 13/2017 áŒ€áˆáˆ®
---------------------------------------------

âœ”áŠ á‹˜áŒ‹áŒ…-Ethio-American CPD center in collaboration with selected hospitals .
ğŸ’¥Place of Trainings-Selected Hospitals 

Call & Register now
Â Â  â˜ï¸0941404444 Daye
Â  Â â˜ï¸0965412222 Dr.Shalom
Â Â  â˜ï¸0942404444 Tenbit
Â Â  â˜ï¸0968670067Â  Selam
Â Â  â˜ï¸0965410000Â  Ekram(A.A)
Â 
#N.B_ #OB_Ultrasound_Is_Our_Accredited_Course 
ğŸƒFor more info .follow us on telegram :-
t.me/eahci",2024-12-13 12:44:14+00:00,photos/@EAHCI_2528.jpg
ETHIO-AMERICAN MEDICAL TRAININGS( CPD ) & HEALTH CONSULTANCY CENTER,@EAHCI,2527,"#OBGYN_Ultrasound_Training@Adiss_Ababa
#á‰³áŠ…áˆ£áˆ¥ 13/2017 áŒ€áˆáˆ®
---------------------------------------------

âœ”áŠ á‹˜áŒ‹áŒ…-Ethio-American CPD center in collaboration with selected hospitals .
ğŸ’¥Place of Trainings-Selected Hospitals 

Call & Register now
Â Â  â˜ï¸0941404444 Daye
Â  Â â˜ï¸0965412222 Dr.Shalom
Â Â  â˜ï¸0942404444 Tenbit
Â Â  â˜ï¸0968670067Â  Selam
Â Â  â˜ï¸0965410000Â  Ekram(A.A)
Â  

#N.B_ #OB_Ultrasound_Is_Our_Accredited_Course 
ğŸƒFor more info .follow us on telegram :-
t.me/eahci",2024-12-13 12:05:32+00:00,photos/@EAHCI_2527.jpg
ETHIO-AMERICAN MEDICAL TRAININGS( CPD ) & HEALTH CONSULTANCY CENTER,@EAHCI,2526,"#á‹¨áŒáˆ­á‹›á‰µ_áˆµáˆáŒ áŠ“
#Circumcision_Skill_Training_@HAWASSA (Adult & Neonates with Ring ) Â á‰ á‰€áˆˆá‰ á‰µáŠ“ á‹«áˆˆá‰€áˆˆá‰ á‰µ â¥Â  Â áŠ¨ á‰³áŠ…áˆ£áˆ¥ 13 áŒ€áˆáˆ® á‹­áˆ°áŒ£áˆá¢ (15CEU CPD & Skill)
ğŸ”¶ğŸ”¶ğŸ”¶ğŸ”¶ğŸ”¶ğŸ”¶ğŸ”¶ğŸ”¶ğŸ”¶ğŸ”¶
ğŸ‘‰á‹¨áŒáˆ­á‹›á‰µ áŠ­áˆ…áˆá‰µ áˆµáˆáŒ áŠ“ (á‰ á‰€áˆˆá‰ á‰µáŠ“ á‹«áˆˆá‰€áˆˆá‰ á‰µ - Ring /Without Ring-cut ) áˆµáˆáŒ áŠ“ 
ğŸ‘‰áŠ á‹˜áŒ‹áŒ…-Ethio-AmericanÂ  Health Consultancy & CPD Center.
ğŸ‘‰áˆ°áˆáŒ£áŠá‰½-GP,HO,Nurse,Midwife

Â  ğŸ“0965412222  Dr shalom
  ğŸ“Daye 0941404444
Â  ğŸ“Ekram 0965410000
 ğŸ“Selam(A.A)  0968670067
Â Â ğŸ“Â Tinbit(A.A)Â Â Â  0942404444
Â Â ğŸ“OfficeÂ Â Â Â Â 0941404444

ğŸ‘‰áˆ›áˆµá‰³á‹ˆáˆ» :-GP,HO,Nurse,Midwif á‰áŒ¥áˆ­ 12 á‰¥á‰» áˆ˜áˆ†áŠ‘áŠ• áŠ¥á‹¨áŒˆáˆˆá…áŠ• á‰€á‹µáˆ˜á‹Â  á‹¨á‰°áˆ˜á‹˜áŒˆá‰¡ á‰¥á‰» á‹¨áˆšáˆµá‰°áŠ“áŒˆá‹± áˆ˜áˆ†áŠ‘áŠ• áŠ¥áŠ“áˆ³á‹á‰ƒáˆˆáŠ•á¢
ğŸ‘‰Circumcision is our Patented & Accredited Course !
:-t.me/eahci",2024-12-13 11:11:34+00:00,photos/@EAHCI_2526.jpg
ETHIO-AMERICAN MEDICAL TRAININGS( CPD ) & HEALTH CONSULTANCY CENTER,@EAHCI,2525,"#á‹¨áŒáˆ­á‹›á‰µ_áˆµáˆáŒ áŠ“
#Circumcision_Skill_Training_@Adiss Ababa (Adult & Neonates with Ring ) Â á‰ á‰€áˆˆá‰ á‰µáŠ“ á‹«áˆˆá‰€áˆˆá‰ á‰µ â¥Â  Â áŠ¨ á‰³áŠ…áˆ£áˆ¥ 13 áŒ€áˆáˆ® á‹­áˆ°áŒ£áˆá¢ (15CEU CPD & Skill)
ğŸ”¶ğŸ”¶ğŸ”¶ğŸ”¶ğŸ”¶ğŸ”¶ğŸ”¶ğŸ”¶ğŸ”¶ğŸ”¶
ğŸ‘‰á‹¨áŒáˆ­á‹›á‰µ áŠ­áˆ…áˆá‰µ áˆµáˆáŒ áŠ“ (á‰ á‰€áˆˆá‰ á‰µáŠ“ á‹«áˆˆá‰€áˆˆá‰ á‰µ - Ring /Without Ring-cut ) áˆµáˆáŒ áŠ“ 
ğŸ‘‰áŠ á‹˜áŒ‹áŒ…-Ethio-AmericanÂ  Health Consultancy & CPD Center.
ğŸ‘‰áˆ°áˆáŒ£áŠá‰½-GP,HO,Nurse,Midwife

Â  ğŸ“0965412222  Dr shalom
  ğŸ“Daye 0941404444
Â  ğŸ“Ekram 0965410000
  ğŸ“Selam(A.A)  0968670067
Â Â ğŸ“Â Tinbit(A.A)Â Â Â  0942404444
Â Â ğŸ“OfficeÂ Â Â Â Â 0941404444

ğŸ‘‰áˆ›áˆµá‰³á‹ˆáˆ» :-GP,HO,Nurse,Midwif á‰áŒ¥áˆ­ 12 á‰¥á‰» áˆ˜áˆ†áŠ‘áŠ• áŠ¥á‹¨áŒˆáˆˆá…áŠ• á‰€á‹µáˆ˜á‹Â  á‹¨á‰°áˆ˜á‹˜áŒˆá‰¡ á‰¥á‰» á‹¨áˆšáˆµá‰°áŠ“áŒˆá‹± áˆ˜áˆ†áŠ‘áŠ• áŠ¥áŠ“áˆ³á‹á‰ƒáˆˆáŠ•á¢
ğŸ‘‰Circumcision is our Patented & Accredited Course !
:-t.me/eahci",2024-12-13 11:09:41+00:00,photos/@EAHCI_2525.jpg
ETHIO-AMERICAN MEDICAL TRAININGS( CPD ) & HEALTH CONSULTANCY CENTER,@EAHCI,2524,,2024-12-10 04:59:56+00:00,
ETHIO-AMERICAN MEDICAL TRAININGS( CPD ) & HEALTH CONSULTANCY CENTER,@EAHCI,2523,"#á‹¨áŒáˆ­á‹›á‰µ_áˆµáˆáŒ áŠ“
#Circumcision_Skill_Training_@Shire/áˆ½áˆ¬ (Adult & Neonates with Ring ) Â á‰ á‰€áˆˆá‰ á‰µáŠ“ á‹«áˆˆá‰€áˆˆá‰ á‰µ â¥Â  Â áŠ¨ á‰³áŠ…áˆ£áˆ¥ 2 áŒ€áˆáˆ® á‹­áˆ°áŒ£áˆá¢ (15CEU CPD & Skill)
ğŸ”¶ğŸ”¶ğŸ”¶ğŸ”¶ğŸ”¶ğŸ”¶ğŸ”¶ğŸ”¶ğŸ”¶ğŸ”¶
ğŸ‘‰á‹¨áŒáˆ­á‹›á‰µ áŠ­áˆ…áˆá‰µ áˆµáˆáŒ áŠ“ (á‰ á‰€áˆˆá‰ á‰µáŠ“ á‹«áˆˆá‰€áˆˆá‰ á‰µ - Ring /Without Ring-cut ) áˆµáˆáŒ áŠ“ 
ğŸ‘‰áŠ á‹˜áŒ‹áŒ…-Ethio-AmericanÂ  Health Consultancy & CPD Center.
ğŸ‘‰áˆ°áˆáŒ£áŠá‰½-GP,HO,Nurse,Midwif
  ğŸ“0949166698
Â  ğŸ“0965412222  Dr shalom
Â  ğŸ“Ekram 0965410000
  ğŸ“Selam(A.A)  0968670067
Â Â ğŸ“Â Tinbit(A.A)Â Â Â  0942404444
Â Â ğŸ“OfficeÂ Â Â Â Â 0941404444

ğŸ‘‰áˆ›áˆµá‰³á‹ˆáˆ» :-GP,HO,Nurse,Midwif á‰áŒ¥áˆ­ 12 á‰¥á‰» áˆ˜áˆ†áŠ‘áŠ• áŠ¥á‹¨áŒˆáˆˆá…áŠ• á‰€á‹µáˆ˜á‹Â  á‹¨á‰°áˆ˜á‹˜áŒˆá‰¡ á‰¥á‰» á‹¨áˆšáˆµá‰°áŠ“áŒˆá‹± áˆ˜áˆ†áŠ‘áŠ• áŠ¥áŠ“áˆ³á‹á‰ƒáˆˆáŠ•á¢
ğŸ‘‰Circumcision is our Patented & Accredited Course !
:-t.me/eahci",2024-12-09 18:40:09+00:00,photos/@EAHCI_2523.jpg
ETHIO-AMERICAN MEDICAL TRAININGS( CPD ) & HEALTH CONSULTANCY CENTER,@EAHCI,2522,,2024-12-09 15:11:11+00:00,photos/@EAHCI_2522.jpg
ETHIO-AMERICAN MEDICAL TRAININGS( CPD ) & HEALTH CONSULTANCY CENTER,@EAHCI,2521,,2024-12-09 15:11:11+00:00,photos/@EAHCI_2521.jpg
ETHIO-AMERICAN MEDICAL TRAININGS( CPD ) & HEALTH CONSULTANCY CENTER,@EAHCI,2520,"<<...áˆ°á‹á‰½ áŠ¨áˆ˜áŠ•áŒáˆµá‰µ á‹°áˆá‹ á‹¨áˆšáŒ á‰¥á‰ áŠ¨áˆ†áŠ áˆ˜á‰¼áˆ áŠ á‹­áˆˆá‹ˆáŒ¡áˆâ€ áŒ /áˆš áŠ á‰¥á‹­ áŠ áˆ…áˆ˜á‹µ

áŒ á‰…áˆ‹á‹­ áˆšáŠ•áˆµá‰µáˆ­ áŠ á‰¥á‹­ á‰ áŠ áˆ­á‰£ áˆáŠ•áŒ­ áŠ¨á‰°áˆ› á‰°áŒˆáŠá‰°á‹ á‰£áˆ°áˆ™á‰µ áŠ•áŒáŒáˆ­ á‰°áŠ¨á‰³á‹©áŠ• á‰¥áˆˆá‹‹áˆ

ğŸ“Œ â€œá‰ á‰°áˆˆá‹«á‹¨ áˆ€áŒˆáˆ«á‰µ áˆ˜áˆªá‹á‰½ á‰ áˆáˆˆá‰µ áˆ˜áˆáŠ© á‹¨áˆ…á‹á‰¡áŠ• áŠ‘áˆ® áˆˆá‹áŒ á‹‹áˆ á‰ áŠ áŠ•á‹µ á‰ áŠ©áˆ áˆ…á‹á‰£á‰¸á‹ áŠ¨áˆá‰¾á‰µ á‰€áŒ áŠ“ áŠ¥áŠ•á‹²á‹ˆáŒ£ - á‹«áˆˆá‰ á‰µ áˆ…á‹­á‹ˆá‰µ áŠ¥áŠ•á‹³á‹­áˆ˜á‰¸á‹ áŠ¥áŠ“ á‰°áŒ¨áˆ›áˆª áˆµáˆ«á‹á‰½áŠ• áŠ áŠ•á‹²áˆ°áˆ« áŠ á‰…áˆ›á‰¸á‹áŠ• áŠ áˆŸáŒ á‹ á‰ áˆ˜áŒ á‰€áˆ á‰°áˆˆá‹áŒ á‹‹áˆâ€

ğŸ“Œâ€œáˆŒáˆá‰½ áˆ€áŒˆáˆ«á‰µ áˆ˜áŒ áŠ áˆ°áŠ á‹¨á‰°áˆáŒ¥áˆ® áˆ€á‰¥á‰µ áŠ áŒáŠá‰°á‹ - á‰ áŠá‹³áŒ… áŠ¥áŠ“ áˆŒáˆá‰½ áˆ›áŠ¥á‹µáŠ“á‰µ áˆ€áŒˆáˆ­ áŠ¥áŠ“ áˆ…á‹á‰¥áŠ• á‹«á‰ áˆˆá€áŒ‰ áŠ áˆ‰á¢ áŠ¥áŠ“áˆ áŠ¢á‰µá‹®áŒµá‹« á‹áˆµáŒ¥ áˆáˆˆá‰±áŠ• áˆ˜áŠ•áŒˆá‹¶á‰½áŠ• áˆ˜áŒ á‰€áˆ áŠ áˆˆá‰¥áŠ•á¢ á‰ áŠ áŠ•á‹µ á‰ áŠ©áˆ áŠ¨áá‰°áŠ› á‹¨á‰°áˆáŒ¥áˆ® áˆ€á‰¥á‰µ áŠ áˆˆáŠ• áŠ¥áˆ­áˆ±áŠ• áŠ á‹áŒ¥á‰°áŠ• áˆ˜áŒ á‰€áˆ áŠ áˆˆá‰¥áŠ• - á‰ áˆŒáˆ‹ á‰ áŠ©áˆ á‹°áŒáˆ áˆ°áŠ áˆ…á‹á‰¥ áŠ áˆˆáŠ• - á‰¥á‹™ á‹¨á‹ˆáŒ£á‰µ áŠ­áˆá‰½á‰µ áŠ áˆˆáŠ• - á‹­áˆ„áŠ•áŠ• áˆ°á‹ á‰ áˆ˜áŠá‰…áŠá‰… - áŠ¨á‰°áˆ˜á‰¸á‹ áŠ¨á‰£á‰¢ áŠ áˆµá‹ˆáŒ¥á‰¶ á‰ áˆ›áŠá‰ƒáŠá‰… áˆ€áŒˆáˆ­ áˆ˜áŒˆáŠ•á‰£á‰µ áŠ áˆˆá‰¥áŠ•â€

ğŸ“Œâ€œá‰ á‹šáˆ… áˆ˜áŠ•áŒˆá‹µ áˆˆá‰µá‹áˆá‹µ á‹¨á‰°áˆ»áˆˆ áˆ€áŒˆáˆ­ áŠ¥áŠ“áˆµáˆ¨áŠ­á‰£áˆˆáŠ•á¢ â€œáŠ«áˆáˆ†áŠ áŒáŠ• áˆ°á‹á‰½ áŠ¨áˆ˜áŠ•áŒáˆµá‰µ á‹°áˆá‹ á‹¨áˆšáŒ á‰¥á‰ áŠ¨áˆ†áŠ áˆ˜á‰¼áˆ áŠ á‹­áˆˆá‹ˆáŒ¡áˆâ€ â€œáŠ¨áˆ˜áŠ•áŒáˆµá‰µ áŠ áˆµá‰»á‹­ á‹¨áˆšáˆ†áŠ• á–áˆŠáˆ² áŠ¥áŠ“ áˆµá‰µáˆ«á‰´áŒ‚ á‰ áˆ˜á‰…áˆ¨á… á‰ á‹¨á‰µáŠ›á‹ áˆ´áŠ­á‰°áˆ­ á‰¥áŠ•áˆ°áˆ›áˆ« áˆáŠ•áˆˆá‹ˆáŒ¥ áŠ¥áŠ•á‰½áˆ‹áˆˆáŠ• á‹¨áˆšáˆˆá‹áŠ• á‰ áˆ›áˆ³á‹¨á‰µ áŠá‹ áˆšáŠ“á‹áŠ• á‹¨áˆšáŒ«á‹á‰°á‹ â€œá‰¥áˆá…áŒáŠ“ áˆ˜á‰¼ áŠá‹ áŠ¥áŠ›áŒ‹ á‹¨áˆšá‹°áˆ­áˆ°á‹ á‰¥áˆˆá‹ á‹­áŒ á‹­á‰ƒáˆ‰::á‹¨á‰¥áˆá…áŒáŠ“ á‰µáˆ©á‹á‰µ á‹¨áˆšá‹°áˆ­áˆ³á‰½áˆ áˆµáˆ« áŠ¥áŠ•áˆáŒ¥áˆ«áˆˆáŠ• - áˆµáˆ«á‹áŠ• áˆµá‰µáˆ°áˆ©á‰µ áŠá‹á¡á¡ áˆ°á‹á‰½ áŠ“á‰½áˆ áŒ­áŠ•á‰…áˆ‹á‰µ áŠ áˆ‹á‰½áˆá£ áŠ«áˆ‹á‰½áˆá‰ á‰µÂ  (comfort zone) áŠá‰…áŠ•á‰€áŠ• áˆˆáˆ›áˆµá‹ˆáŒ£á‰µ áŠ¥áŠ•áˆáŠ­áˆ«áˆˆáŠ•á¡á¡ áˆ€áˆ³á‰¥ á‰ áˆ˜ááŒ áˆ­ áˆ…á‹­á‹ˆá‰³á‰½áˆáŠ• áˆµá‰µá‰€á‹­áˆ© áŠá‹â€

ğŸ’âœ”á‹ˆá‰…á‰³á‹Š á‹¨áˆµáˆ« á‰…áŒ¥áˆ­ áˆ˜áˆ¨áŒƒá‹á‰½áŠ• á‰ á‹¨áŒŠá‹œá‹ áˆˆáˆ›áŒáŠ˜á‰µ á‰»áŠ“áˆ‹á‰½áŠ•áŠ• á‹­áŠ¨á‰³á‰°áˆ‰:: 
ğŸ©µ t.me/addlist/IWOV6uABAi5lYTA0Â 
ğŸ–¥  youtube.com/@HIVN
ğŸ“± fb.com/healthinovation/",2024-12-09 15:11:11+00:00,photos/@EAHCI_2520.jpg
ETHIO-AMERICAN MEDICAL TRAININGS( CPD ) & HEALTH CONSULTANCY CENTER,@EAHCI,2519,"Â #ğŸ’¥CPD #á‹¨áˆá‹«_áˆá‰ƒá‹µ_áˆˆáˆ›áˆ³á‹°áˆµ_CPD_á‹­áˆ˜á‹áŒˆá‰¡
#Title= Pain Managment 
ğŸ”¶15CEU
ğŸ‘‰ á‰³áŠ…áˆ£áˆ¥ 3 2017 á‹­áŒ€áˆáˆ«áˆ::
áˆˆáˆáˆ‰áˆ áŒ¤áŠ“ á‰£áˆˆáˆá‹«á‹á‰½ á‰ áˆáˆ‰áˆ áŠ­áˆáˆá‰½áŠ“ áŠ¨á‰°áˆá‰½ áˆ‹áˆ‹á‰½áˆá¢
--------------------------------------------
 
ğŸ“±0942404444/0941404444 
ğŸ“±0965412222
ğŸ“±0949166698
ğŸ“±0965410000
ğŸ“±0968670067
ğŸ“³0462124400
Â Ethio-American CPD center & Health Consultancy.
ğŸƒWe Are Committed To Excellence In Medical Trainings â—
-join our telegram channel 
T.me/eahci",2024-12-09 07:54:33+00:00,photos/@EAHCI_2519.jpg
ETHIO-AMERICAN MEDICAL TRAININGS( CPD ) & HEALTH CONSULTANCY CENTER,@EAHCI,2518,"#Dental_Extraction & #Care_Training 
@Debremarkos
ğŸ‘‰ áŠ¨ á‰³áŠ…áˆ£áˆ¥ 20/2017 áŒ€áˆáˆ®
Â Â Â á‰ á‹°á‰¥áˆ¨áˆ›áˆ­á‰†áˆµ á‹­áˆ°áŒ£áˆá¢Â  
---------------------------------------------

âœ”áŠ á‹˜áŒ‹áŒ…-Ethio-American CPD center in collaboration with selected hospitals .

Call & Register now
Â Â  â˜ï¸0942404444
  Â â˜ï¸0965412222 Dr.Shalom
Â Â  â˜ï¸0941404444 Office 
Â Â  â˜ï¸0968670067Â  Selam
Â Â  â˜ï¸0965410000Â  Ekram(A.A)
Â Â Â â˜ï¸0942404444
   â˜ï¸0949166698

ğŸƒFor more info .follow us on telegram :-
t.me/eahci",2024-12-09 07:05:17+00:00,photos/@EAHCI_2518.jpg
ETHIO-AMERICAN MEDICAL TRAININGS( CPD ) & HEALTH CONSULTANCY CENTER,@EAHCI,2517,"#OBGYN_Ultrasound_Training@!á‹°á‰¥áˆ¨áˆ›áˆ­á‰†áˆµ!!
#á‰³áŠ…áˆ£áˆ¥ 13/2017 áŒ€áˆáˆ®
---------------------------------------------

âœ”áŠ á‹˜áŒ‹áŒ…-Ethio-American CPD center in collaboration with selected hospitals .
ğŸ’¥Place of Trainings-Selected Hospitals 

Call & Register now
Â Â  â˜ï¸0942404444
Â  Â â˜ï¸0965412222 Dr.Shalom
Â Â  â˜ï¸0941404444 Office 
Â Â  â˜ï¸0968670067Â  Selam
Â Â  â˜ï¸0965410000Â  Ekram(A.A)
Â Â Â â˜ï¸0942404444
Â Â  â˜ï¸0949166698


#N.B_ #OB_Ultrasound_Is_Our_Accredited_Course 
ğŸƒFor more info .follow us on telegram :-
t.me/eahci",2024-12-08 22:26:14+00:00,photos/@EAHCI_2517.jpg
ETHIO-AMERICAN MEDICAL TRAININGS( CPD ) & HEALTH CONSULTANCY CENTER,@EAHCI,2516,"#á‹¨áŒáˆ­á‹›á‰µ_áˆµáˆáŒ áŠ“_Hawassa
#Circumcision_Skill_Training_@HAWASSA(Adult & Neonates with Ring ) Â á‰ á‰€áˆˆá‰ á‰µáŠ“ á‹«áˆˆá‰€áˆˆá‰ á‰µ â¥Â  Â áŠ¨ á‰³áŠ…áˆ£áˆ¥ 6 áŒ€áˆáˆ® á‹­áˆ°áŒ£áˆá¢ (15CEU CPD & Skill)
ğŸ”¶ğŸ”¶ğŸ”¶ğŸ”¶ğŸ”¶ğŸ”¶ğŸ”¶ğŸ”¶ğŸ”¶ğŸ”¶
ğŸ‘‰á‹¨áŒáˆ­á‹›á‰µ áŠ­áˆ…áˆá‰µ áˆµáˆáŒ áŠ“ (á‰ á‰€áˆˆá‰ á‰µáŠ“ á‹«áˆˆá‰€áˆˆá‰ á‰µ - Ring /Without Ring-cut ) áˆµáˆáŒ áŠ“ 
ğŸ‘‰áŠ á‹˜áŒ‹áŒ…-Ethio-AmericanÂ  Health Consultancy & CPD Center.
ğŸ‘‰áˆ°áˆáŒ£áŠá‰½-GP,HO,Nurse,Midwif
  ğŸ“0941404444Â  Office
Â  ğŸ“0965412222  Dr shalom
Â  ğŸ“Ekram 0965410000
  ğŸ“ Meka   0949166698
  ğŸ“Selam  0968670067
Â Â ğŸ“Â TinbitÂ Â Â  0942404444
Â Â ğŸ“OfficeÂ Â Â Â Â 0462124400Â  

ğŸ‘‰áˆ›áˆµá‰³á‹ˆáˆ» :-GP,HO,Nurse,Midwif á‰áŒ¥áˆ­ 12 á‰¥á‰» áˆ˜áˆ†áŠ‘áŠ• áŠ¥á‹¨áŒˆáˆˆá…áŠ• á‰€á‹µáˆ˜á‹Â  á‹¨á‰°áˆ˜á‹˜áŒˆá‰¡ á‰¥á‰» á‹¨áˆšáˆµá‰°áŠ“áŒˆá‹± áˆ˜áˆ†áŠ‘áŠ• áŠ¥áŠ“áˆ³á‹á‰ƒáˆˆáŠ•á¢
ğŸ‘‰Circumcision is our Patented & Accredited Course !
:-t.me/eahci",2024-12-08 19:30:01+00:00,photos/@EAHCI_2516.jpg
ETHIO-AMERICAN MEDICAL TRAININGS( CPD ) & HEALTH CONSULTANCY CENTER,@EAHCI,2515,"#OBGYN_Ultrasound_Training@Adiss Ababa!!!
#á‰³áŠ…áˆ£áˆ¥ 6/2017 áŒ€áˆáˆ®
---------------------------------------------

âœ”áŠ á‹˜áŒ‹áŒ…-Ethio-American CPD center in collaboration with selected hospitals .
ğŸ’¥Place of Trainings-Selected Hospitals 

Call & Register now
Â Â  â˜ï¸0942404444
Â  Â â˜ï¸0965412222 Dr.Shalom
Â Â  â˜ï¸0941404444 Office 
Â Â  â˜ï¸0968670067Â  Selam
Â Â  â˜ï¸0965410000Â  Ekram(A.A)
Â Â Â â˜ï¸0942404444
Â Â  â˜ï¸0949166698


#N.B_ #OB_Ultrasound_Is_Our_Accredited_Course 
ğŸƒFor more info .follow us on telegram :-
t.me/eahci",2024-12-08 18:07:24+00:00,photos/@EAHCI_2515.jpg
ETHIO-AMERICAN MEDICAL TRAININGS( CPD ) & HEALTH CONSULTANCY CENTER,@EAHCI,2514,"#OBGYN_Ultrasound_Training@HAWASSA!!!
#á‰³áŠ…áˆ£áˆ¥ 6/2017 áŒ€áˆáˆ®
---------------------------------------------

âœ”áŠ á‹˜áŒ‹áŒ…-Ethio-American CPD center in collaboration with selected hospitals .
ğŸ’¥Place of Trainings-Selected Hospitals 

Call & Register now
Â Â  â˜ï¸0942404444
Â  Â â˜ï¸0965412222 Dr.Shalom
Â Â  â˜ï¸0941404444 Office 
Â Â  â˜ï¸0968670067Â  Selam
Â Â  â˜ï¸0965410000Â  Ekram(A.A)
Â Â Â â˜ï¸0942404444
Â Â  â˜ï¸0949166698


#N.B_ #OB_Ultrasound_Is_Our_Accredited_Course 
ğŸƒFor more info .follow us on telegram :-
t.me/eahci",2024-12-08 14:47:59+00:00,photos/@EAHCI_2514.jpg
ETHIO-AMERICAN MEDICAL TRAININGS( CPD ) & HEALTH CONSULTANCY CENTER,@EAHCI,2513,"á‹¨áˆ™á‹« áá‰ƒá‹³á‰½áˆáŠ• áˆ‹áˆ‹áˆ³á‹°áˆ³á‰¹ á‹¨áŒ¤áŠ“ á‰£áˆˆáˆ™á‹«á‹á‰½ (#Ethio_American_CPD)

ğŸ’¥ For all private & Governmental Health Professionals 

Training Title's 
ğŸ”¹ï¸Infection prevention and Control
ğŸ”¹ï¸Pain Managment
ğŸ”¹ï¸Syndromic managment of STI
ğŸ”¹ï¸Non-Communicable disease
ğŸ”¹ï¸Medical Ethics
ğŸ”¹ï¸Antimicrobial drug resistance 
ğŸ”¹ï¸Respectful Materna Care
ğŸ”¹ï¸Emmergency Medicine 

ğŸ‘¥ Trainees : All health professionals 
ğŸ‘¥ Trainers : ExpertÂ  with TOT 

Contact UsÂ Â Â  
ğŸ“0941404444Â 
ğŸ“0965412222
ğŸ“0968670067Â Â Â Â Â  
ğŸ“0942404444   
ğŸ“0949166698
ğŸ“0941404444Â 
ğŸ“0965410000
ğŸŸ¡15 CEU 950birr!

For more info. Join our telegram  t.me/EAHCI",2024-12-07 04:26:19+00:00,photos/@EAHCI_2513.jpg
ETHIO-AMERICAN MEDICAL TRAININGS( CPD ) & HEALTH CONSULTANCY CENTER,@EAHCI,2512,,2024-12-06 14:55:02+00:00,
ETHIO-AMERICAN MEDICAL TRAININGS( CPD ) & HEALTH CONSULTANCY CENTER,@EAHCI,2511,,2024-12-06 14:54:50+00:00,
ETHIO-AMERICAN MEDICAL TRAININGS( CPD ) & HEALTH CONSULTANCY CENTER,@EAHCI,2510,"#OBGYN_Ultrasound_Training@HAWASSA!!!
#á‰³áŠ…áˆ£áˆ¥ 6/2017 áŒ€áˆáˆ®
---------------------------------------------

âœ”áŠ á‹˜áŒ‹áŒ…-Ethio-American CPD center in collaboration with selected hospitals .
ğŸ’¥Place of Trainings-Selected Hospitals 

Call & Register now
Â Â  â˜ï¸0942404444
Â  Â â˜ï¸0965412222 Dr.Shalom
Â Â  â˜ï¸0941404444 Office 
Â Â  â˜ï¸0968670067Â  Selam
Â Â  â˜ï¸0965410000Â  Ekram(A.A)
Â Â Â â˜ï¸0942404444
Â Â  â˜ï¸0949166698


#N.B_ #OB_Ultrasound_Is_Our_Accredited_Course 
ğŸƒFor more info .follow us on telegram :-
t.me/eahci",2024-12-04 10:16:05+00:00,photos/@EAHCI_2510.jpg
ETHIO-AMERICAN MEDICAL TRAININGS( CPD ) & HEALTH CONSULTANCY CENTER,@EAHCI,2509,"#OBGYN_Ultrasound_Training@Adiss_Ababa!!!
#áˆ…á‹³áˆ­_29/2017 áŒ€áˆáˆ®
---------------------------------------------

âœ”áŠ á‹˜áŒ‹áŒ…-Ethio-American CPD center in collaboration with selected hospitals .
ğŸ’¥Place of Training -Ghandi Memorial Hospital 

Call & Register now
Â Â  â˜ï¸0942404444
Â  Â â˜ï¸0965412222 Dr.Shalom
Â Â  â˜ï¸0941404444 Office 
Â Â  â˜ï¸0968670067Â  Selam
Â Â  â˜ï¸0965410000Â  Ekram(A.A)
Â Â Â â˜ï¸0942404444
Â Â  â˜ï¸0949166698


#N.B_ #OB_Ultrasound_Is_Our_Accredited_Course 
ğŸƒFor more info .follow us on telegram :-
t.me/eahci",2024-12-04 08:47:44+00:00,photos/@EAHCI_2509.jpg
ETHIO-AMERICAN MEDICAL TRAININGS( CPD ) & HEALTH CONSULTANCY CENTER,@EAHCI,2507,"#á‹¨áŒáˆ­á‹›á‰µ_áˆµáˆáŒ áŠ“_Hawassa
#Circumcision_Skill_Training_@HAWASSA(Adult & Neonates with Ring ) Â á‰ á‰€áˆˆá‰ á‰µáŠ“ á‹«áˆˆá‰€áˆˆá‰ á‰µ â¥Â  Â áŠ¨áˆ…á‹³áˆ­ 29 áŒ€áˆáˆ® á‹­áˆ°áŒ£áˆá¢ (15CEU CPD & Skill)
ğŸ”¶ğŸ”¶ğŸ”¶ğŸ”¶ğŸ”¶ğŸ”¶ğŸ”¶ğŸ”¶ğŸ”¶ğŸ”¶
ğŸ‘‰á‹¨áŒáˆ­á‹›á‰µ áŠ­áˆ…áˆá‰µ áˆµáˆáŒ áŠ“ (á‰ á‰€áˆˆá‰ á‰µáŠ“ á‹«áˆˆá‰€áˆˆá‰ á‰µ - Ring /Without Ring-cut ) áˆµáˆáŒ áŠ“ 
ğŸ‘‰áŠ á‹˜áŒ‹áŒ…-Ethio-AmericanÂ  Health Consultancy & CPD Center.
ğŸ‘‰áˆ°áˆáŒ£áŠá‰½-GP,HO,Nurse,Midwif
  ğŸ“0941404444Â  Office
Â  ğŸ“0965412222  Dr shalom
Â  ğŸ“Ekram 0965410000
  ğŸ“ Meka   0949166698
  ğŸ“Selam  0968670067
Â Â ğŸ“Â TinbitÂ Â Â  0942404444
Â Â ğŸ“OfficeÂ Â Â Â Â 0462124400Â  

ğŸ‘‰áˆ›áˆµá‰³á‹ˆáˆ» :-GP,HO,Nurse,Midwif á‰áŒ¥áˆ­ 12 á‰¥á‰» áˆ˜áˆ†áŠ‘áŠ• áŠ¥á‹¨áŒˆáˆˆá…áŠ• á‰€á‹µáˆ˜á‹Â  á‹¨á‰°áˆ˜á‹˜áŒˆá‰¡ á‰¥á‰» á‹¨áˆšáˆµá‰°áŠ“áŒˆá‹± áˆ˜áˆ†áŠ‘áŠ• áŠ¥áŠ“áˆ³á‹á‰ƒáˆˆáŠ•á¢
ğŸ‘‰Circumcision is our Patented & Accredited Course !
:-t.me/eahci",2024-12-04 08:45:41+00:00,photos/@EAHCI_2507.jpg
ETHIO-AMERICAN MEDICAL TRAININGS( CPD ) & HEALTH CONSULTANCY CENTER,@EAHCI,2506,"Â #ğŸ’¥CPD #á‹¨áˆá‹«_áˆá‰ƒá‹µ_áˆˆáˆ›áˆ³á‹°áˆµ_CPD_á‹­áˆ˜á‹áŒˆá‰¡
#Title= Infection prevention 
ğŸ”¶15CEU
ğŸ‘‰ áˆ…á‹³áˆ­ 26/2017 á‹­áŒ€áˆáˆ«áˆ::
áˆˆáˆáˆ‰áˆ áŒ¤áŠ“ á‰£áˆˆáˆá‹«á‹á‰½ á‰ áˆáˆ‰áˆ áŠ­áˆáˆá‰½áŠ“ áŠ¨á‰°áˆá‰½ áˆ‹áˆ‹á‰½áˆá¢
--------------------------------------------
ğŸ“±0941404444 
ğŸ“±0965412222
ğŸ“±0949166698
ğŸ“±0942404444
ğŸ“±0965410000
ğŸ“±0968670067
ğŸ“³0462124400
Â Ethio-American CPD center & Health Consultancy.
ğŸƒWe Are Committed To Excellence In Medical Trainings â—
-join our telegram channel 
T.me/eahci",2024-12-02 08:21:54+00:00,photos/@EAHCI_2506.jpg
ETHIO-AMERICAN MEDICAL TRAININGS( CPD ) & HEALTH CONSULTANCY CENTER,@EAHCI,2505,,2024-12-01 16:13:30+00:00,
ETHIO-AMERICAN MEDICAL TRAININGS( CPD ) & HEALTH CONSULTANCY CENTER,@EAHCI,2503,"Congratulations to Dental Extraction and Care Trainees of Hawassa on successfully completing your trainingğŸ‘ğŸ‘ğŸ‘

Ethio-American Medical Trainings(CPD) & Health Consultancy Center!

t.me/eahci]",2024-11-29 07:44:13+00:00,photos/@EAHCI_2503.jpg
ETHIO-AMERICAN MEDICAL TRAININGS( CPD ) & HEALTH CONSULTANCY CENTER,@EAHCI,2502,,2024-11-29 07:44:13+00:00,photos/@EAHCI_2502.jpg
ETHIO-AMERICAN MEDICAL TRAININGS( CPD ) & HEALTH CONSULTANCY CENTER,@EAHCI,2501,,2024-11-29 07:44:13+00:00,photos/@EAHCI_2501.jpg
ETHIO-AMERICAN MEDICAL TRAININGS( CPD ) & HEALTH CONSULTANCY CENTER,@EAHCI,2500,,2024-11-28 13:24:29+00:00,
ETHIO-AMERICAN MEDICAL TRAININGS( CPD ) & HEALTH CONSULTANCY CENTER,@EAHCI,2499,,2024-11-28 09:34:47+00:00,
ETHIO-AMERICAN MEDICAL TRAININGS( CPD ) & HEALTH CONSULTANCY CENTER,@EAHCI,2498,"ğŸ’¥Adult_ECHO_Training #Hawassa_By_Cardiologist_for_Internists! We_have_Only_few_trainee_Position
ğŸ‘‰Lecture will start on December 9
#Hands_on training !
#Register_Soon_And_Get_Certified !!
ğŸ“0965412222 Dr.Shalom

#Hosted_By: Ethio-American Medical Training Center
t.me/eahci",2024-11-28 09:32:49+00:00,photos/@EAHCI_2498.jpg
ETHIO-AMERICAN MEDICAL TRAININGS( CPD ) & HEALTH CONSULTANCY CENTER,@EAHCI,2496,"Â #ğŸ’¥CPD #á‹¨áˆá‹«_áˆá‰ƒá‹µ_áˆˆáˆ›áˆ³á‹°áˆµ_CPD_á‹­áˆ˜á‹áŒˆá‰¡
#Title= Emergency Medicine 
ğŸ”¶15CEU
ğŸ‘‰ áˆ…á‹³áˆ­ 20/2017 á‹­áŒ€áˆáˆ«áˆ::
áˆˆáˆáˆ‰áˆ áŒ¤áŠ“ á‰£áˆˆáˆá‹«á‹á‰½ á‰ áˆáˆ‰áˆ áŠ­áˆáˆá‰½áŠ“ áŠ¨á‰°áˆá‰½ áˆ‹áˆ‹á‰½áˆá¢
--------------------------------------------
ğŸ“±0941404444 
ğŸ“±0965412222
ğŸ“±0949166698
ğŸ“±0942404444
ğŸ“±0965410000
ğŸ“±0968670067
ğŸ“³0462124400
Â Ethio-American CPD center & Health Consultancy.
ğŸƒWe Are Committed To Excellence In Medical Trainings â—
-join our telegram channel 
T.me/eahci",2024-11-28 05:53:04+00:00,photos/@EAHCI_2496.jpg
ETHIO-AMERICAN MEDICAL TRAININGS( CPD ) & HEALTH CONSULTANCY CENTER,@EAHCI,2495,"#á‹¨áŒáˆ­á‹›á‰µ_áˆµáˆáŒ áŠ“_Hawassa
#Circumcision_Skill_Training_@HAWASSA(Adult & Neonates with Ring ) Â á‰ á‰€áˆˆá‰ á‰µáŠ“ á‹«áˆˆá‰€áˆˆá‰ á‰µ â¥Â  Â áŠ¨áˆ…á‹³áˆ­ 29 áŒ€áˆáˆ® á‹­áˆ°áŒ£áˆá¢ (15CEU CPD & Skill)
ğŸ”¶ğŸ”¶ğŸ”¶ğŸ”¶ğŸ”¶ğŸ”¶ğŸ”¶ğŸ”¶ğŸ”¶ğŸ”¶
ğŸ‘‰á‹¨áŒáˆ­á‹›á‰µ áŠ­áˆ…áˆá‰µ áˆµáˆáŒ áŠ“ (á‰ á‰€áˆˆá‰ á‰µáŠ“ á‹«áˆˆá‰€áˆˆá‰ á‰µ - Ring /Without Ring-cut ) áˆµáˆáŒ áŠ“ 
ğŸ‘‰áŠ á‹˜áŒ‹áŒ…-Ethio-AmericanÂ  Health Consultancy & CPD Center.
ğŸ‘‰áˆ°áˆáŒ£áŠá‰½-GP,HO,Nurse,Midwif
  ğŸ“0941404444Â  Office
Â  ğŸ“0965412222  Dr shalom
Â  ğŸ“Ekram 0965410000
  ğŸ“ Meka   0949166698
  ğŸ“Selam  0968670067
Â Â ğŸ“Â TinbitÂ Â Â  0942404444
Â Â ğŸ“OfficeÂ Â Â Â Â 0462124400Â  

ğŸ‘‰áˆ›áˆµá‰³á‹ˆáˆ» :-GP,HO,Nurse,Midwif á‰áŒ¥áˆ­ 12 á‰¥á‰» áˆ˜áˆ†áŠ‘áŠ• áŠ¥á‹¨áŒˆáˆˆá…áŠ• á‰€á‹µáˆ˜á‹Â  á‹¨á‰°áˆ˜á‹˜áŒˆá‰¡ á‰¥á‰» á‹¨áˆšáˆµá‰°áŠ“áŒˆá‹± áˆ˜áˆ†áŠ‘áŠ• áŠ¥áŠ“áˆ³á‹á‰ƒáˆˆáŠ•á¢
ğŸ‘‰Circumcision is our Patented & Accredited Course !
:-t.me/eahci",2024-11-26 10:21:40+00:00,photos/@EAHCI_2495.jpg
ETHIO-AMERICAN MEDICAL TRAININGS( CPD ) & HEALTH CONSULTANCY CENTER,@EAHCI,2494,,2024-11-26 04:40:37+00:00,
ETHIO-AMERICAN MEDICAL TRAININGS( CPD ) & HEALTH CONSULTANCY CENTER,@EAHCI,2493,"#OBGYN_Ultrasound_Training@Adiss_Ababa!!!
#áˆ…á‹³áˆ­_22/2017 áŒ€áˆáˆ®
---------------------------------------------

âœ”áŠ á‹˜áŒ‹áŒ…-Ethio-American CPD center in collaboration with selected hospitals .
ğŸ’¥Place of Training -Ghandi Memorial Hospital 

Call & Register now
Â Â  â˜ï¸0942404444
Â  Â â˜ï¸0965412222 Dr.Shalom
Â Â  â˜ï¸0941404444 Office 
Â Â  â˜ï¸0968670067Â  Selam
Â Â  â˜ï¸0965410000Â  Ekram(A.A)
Â Â Â â˜ï¸0942404444
Â Â  â˜ï¸0949166698


#N.B_ #OB_Ultrasound_Is_Our_Accredited_Course 
ğŸƒFor more info .follow us on telegram :-
t.me/eahci",2024-11-26 04:40:10+00:00,photos/@EAHCI_2493.jpg
